,USY8137FAQ10 Corp,XS1266590089 Corp,XS1627597955 Corp,XS2030531938 Corp,USG84228EH74 Corp,XS1751792836 Corp,XS2071413483 Corp,XS2099273737 Corp,XS2106329134 Corp,XS2016067303 Corp,USG85381AE48 Corp,XS1526108235 Corp,XS1808311424 Corp,XS2100664544 Corp,XS1506085114 Corp,USY267BJGT59 Corp,XS2082380515 Corp,XS2098881654 Corp,USY2R27RAB56 Corp,XS1587867539 Corp,XS2132420758 Corp,XS2079668609 Corp,XS1642686676 Corp,XS2201937211 Corp,USY59505AA82 Corp,XS2215399317 Corp,USY2R40TAB40 Corp,XS2205566206 Corp,USY59501AA78 Corp,XS1719264324 Corp,USY708CHAA88 Corp,XS2189303873 Corp,USG61759AA70 Corp,XS1981089284 Corp,XS1981973941 Corp
,PX_MID,PX_MID,PX_MID,PX_MID,PX_MID,PX_MID,PX_MID,PX_MID,PX_MID,PX_MID,PX_MID,PX_MID,PX_MID,PX_MID,PX_MID,PX_MID,PX_MID,PX_MID,PX_MID,PX_MID,PX_MID,PX_MID,PX_MID,PX_MID,PX_MID,PX_MID,PX_MID,PX_MID,PX_MID,PX_MID,PX_MID,PX_MID,PX_MID,PX_MID,PX_MID
date,,,,,,,,,,,,,,,,,,,,,,,,,,,,,,,,,,,
2018-08-01,,96.522,83.671,,,89.061,,,,,,87.865,,,76.77,,,,101.398,95.445,,,,,93.148,,,,,103.625,94.441,,,,
2018-08-02,,96.349,82.479,,,88.96,,,,,,87.818,,,75.525,,,,101.3,93.803,,,,,92.252,,,,,103.417,93.55,,,,
2018-08-03,,96.425,82.667,,,88.853,,,,,,87.812,,,75.117,,,,101.437,95.181,,,90.75,,92.571,,,,,103.25,94.364,,,,
2018-08-06,,96.439,83.125,,,88.821,,,,,,87.734,,,75.42,,,,101.381,96.177,,,,,93.307,,,,,103.333,94.014,,,,
2018-08-07,,96.403,84.215,,,88.818,,,,,,87.688,,,75.312,,,,101.439,97.145,,,,,93.751,,,,,103.375,94.38,,,,
2018-08-08,,96.581,84.393,,,88.871,,,,,,87.664,,,76.006,,,,101.56,97.419,,,,,93.844,,,,,103.417,94.631,,,,
2018-08-09,,96.674,84.591,,,88.848,,,,,,87.708,,,76.173,,,,101.587,97.373,,,,,93.82,,,,,103.375,94.664,,,,
2018-08-10,,96.904,85.382,,,88.811,,,,,,87.71,,,76.078,,,,101.712,98.179,,,92.65,,93.762,,,,,103.375,94.57,,,,
2018-08-13,,96.729,84.589,,,88.689,,,,,,87.683,,,75.22,,,,101.301,96.886,,,,,92.444,,,,,103.125,93.735,,,,
2018-08-14,,95.495,84.536,,,88.707,,,,,,87.687,,,75.098,,,,101.111,97.073,,,,,92.551,,,,,103.125,93.388,,,,
2018-08-15,,94.963,84.612,,,88.688,,,,,,87.718,,,74.418,,,,101.203,97.212,,,,,92.085,,,,,103.125,92.9,,,,
2018-08-16,,94.275,84.088,,,88.571,,,,,,87.623,,,73.916,,,,101.164,96.627,,,,,91.457,,,,,103.125,92.534,,,,
2018-08-17,,94.144,83.975,,,88.497,,,,,,87.645,,,74.006,,,,101.168,96.722,,,,,91.545,,,,,103.083,92.616,,,,
2018-08-20,,94.168,83.738,,,88.407,,,,,,87.678,,,73.789,,,,101.172,97.01,,,,,91.532,,,,,103.125,92.493,,,,
2018-08-21,,94.221,83.168,,,88.37,,,,,,87.646,,,73.65,,,,101.197,96.971,,,,,91.576,,,,,103.125,92.206,,,,
2018-08-22,,94.103,82.569,,,88.457,,,,,,87.638,,,73.126,,,,100.965,96.285,,,,,91.086,,,,,103.125,91.45,,,,
2018-08-23,,94.238,82.513,,,88.437,,,,,,87.643,,,73.009,,,,101.055,95.903,,,91.0,,91.064,,,,,103.125,91.435,,,,
2018-08-24,,94.241,82.489,,,88.438,,,,,,87.608,,,73.197,,,,100.909,96.055,,,,,91.112,,,,,103.083,91.608,,,,
2018-08-27,,94.305,82.718,,,88.433,,,,,,87.467,,,73.354,,,,101.158,96.479,,,,,91.788,,,,,103.125,92.091,,,,
2018-08-28,,94.521,83.105,,,88.338,,,,,,87.409,,,73.645,,,,101.295,95.935,,,,,92.013,,,,,103.375,92.573,,,,
2018-08-29,,94.58,83.125,,,88.298,,,,,,87.245,,,74.06,,,,101.275,95.904,,,90.875,,92.017,,,,,103.375,92.458,,,,
2018-08-30,,94.634,83.244,,,88.312,,,,,,87.087,,,74.192,,,,101.474,95.747,,,,,92.441,,,,,103.375,92.664,,,,
2018-08-31,,94.672,83.073,,,88.304,,,,,,87.255,,,72.603,,,,101.114,95.454,,,,,91.711,,,,,103.25,92.589,,,,
2018-09-03,,,,,,,,,,,,,,,,,,,,,,,,,,,,,,103.333,,,,,
2018-09-04,,94.688,83.188,,,88.066,,,,,,87.255,,,70.961,,,,100.442,95.542,,,90.875,,90.438,,,,,103.333,91.165,,,,
2018-09-05,,94.616,83.04,,,87.602,,,,,,87.209,,,69.543,,,,100.125,95.465,,,,,89.321,,,,,103.25,90.131,,,,
2018-09-06,,94.763,82.903,,,86.061,,,,,,87.21,,,69.051,,,,100.359,95.57,,,,,89.942,,,,,103.275,90.615,,,,
2018-09-07,,94.513,82.873,,,85.305,,,,,,87.083,,,68.634,,,,99.905,95.404,,,,,89.766,,,,,103.208,90.404,,,,
2018-09-10,,94.618,82.693,,,85.513,,,,,,87.12,,,67.695,,,,100.274,94.862,,,,,89.914,,,,,103.167,90.45,,,,
2018-09-11,,94.552,82.631,,,85.418,,,,,,87.124,,,66.48,,,,99.973,94.707,,,,,89.722,,,,,103.188,90.234,,,,
2018-09-12,,94.496,82.453,,,85.404,,,,,,86.991,,,69.182,,,,100.204,94.634,,,89.375,,89.652,,,,,103.219,90.164,,,,
2018-09-13,,94.58,82.441,,,85.248,,,,,,86.89,,,69.182,,,,100.153,94.414,,,,,89.718,,,,,103.167,90.314,,,,
2018-09-14,,94.546,82.226,,,84.858,,,,,,86.756,,,71.871,,,,100.764,94.578,,,,,91.614,,,,,103.208,91.637,,,,
2018-09-17,,94.638,82.245,,,84.756,,,,,,86.676,,,71.28,,,,101.101,94.763,,,89.5,,91.35,,,,,103.167,91.119,,,,
2018-09-18,,94.595,82.181,,,84.725,,,,,,86.655,,,74.889,,,,100.469,94.691,,,,,91.408,,,,,103.188,91.189,,,,
2018-09-19,,94.652,82.206,,,84.683,,,,,,86.384,,,75.017,,,,100.713,95.106,,,,,91.964,,,,,103.167,91.264,,,,
2018-09-20,,94.788,82.375,,,84.672,,,,,,86.295,,,,,,,100.931,95.953,,,,,92.364,,,,,103.167,91.334,,,,
2018-09-21,,95.05,82.696,,,84.694,,,,,,86.387,,,75.565,,,,101.109,96.825,,,,,93.29,,,,,103.333,91.983,,,,
2018-09-24,,95.015,82.693,,,84.664,,,,,,86.397,,,75.219,,,,101.009,96.667,,,,,93.194,,,,,103.375,91.79,,,,
2018-09-25,,94.974,82.641,,,84.657,,,,,,86.396,,,75.171,,,,100.939,96.604,,,91.74,,93.129,,,,,103.375,92.251,,,,
2018-09-26,,95.288,82.601,,,84.683,,,,,,86.299,,,75.546,,,,101.319,96.828,,,91.01,,93.659,,,,,103.292,92.459,,,,
2018-09-27,,95.243,82.578,,,84.728,,,,,,86.368,,,76.405,,,,101.287,96.522,,,,,94.353,,,,,103.542,93.407,,,,
2018-09-28,,95.372,82.505,,,84.86,,,,,,86.236,,,76.99,,,,101.386,95.802,,,,,95.09,,,,,103.542,94.494,,,,
2018-10-01,,95.329,82.486,,,84.776,,,,,,86.243,,,76.932,,,,101.294,95.761,,,,,95.035,,,,,103.625,94.478,,,,
2018-10-02,,95.433,82.535,,,84.988,,,,,,86.217,,,75.078,,,,101.254,95.507,,,,,95.012,,,,,103.625,93.969,,,,
2018-10-03,,95.383,82.418,,,85.042,,,,,,86.217,,,74.35,,,,100.653,94.954,,,,,94.7,,,,,103.708,93.747,,,,
2018-10-04,,95.329,81.935,,,85.005,,,,,,86.136,,,72.607,,,,100.664,94.488,,,,,93.554,,,,,103.594,91.961,,,,
2018-10-05,,95.328,81.749,,,84.875,,,,,,86.146,,,71.649,,,,100.474,94.384,,,,,93.701,,,,,104.083,91.779,,,,
2018-10-08,,,,,,,,,,,,,,,,,,,,,,,,,,,,,,103.958,,,,,
2018-10-09,,95.049,81.21,,,84.733,,,,,,86.09,,,71.275,,,,100.409,93.325,,,91.0,,93.751,,,,,103.958,91.668,,,,
2018-10-10,,95.194,81.187,,,84.664,,,,,,86.179,,,71.232,,,,100.284,93.556,,,,,94.77,,,,,103.958,92.386,,,,
2018-10-11,,95.099,80.864,,,84.627,,,,,,86.075,,,70.5,,,,99.281,93.116,,,,,93.699,,,,,103.875,91.808,,,,
2018-10-12,,95.006,80.426,,,84.588,,,,,,86.116,,,70.643,,,,99.011,93.211,,,,,93.82,,,,,103.917,91.982,,,,
2018-10-15,,95.052,80.291,,,84.439,,,,,,86.132,,,70.748,,,,99.015,93.086,,,,,93.999,,,,,103.875,92.135,,,,
2018-10-16,,94.973,80.016,,,84.343,,,,,,85.732,,,67.287,,,,98.909,92.776,,,,,93.928,,,,,103.792,91.95,,,,
2018-10-17,,94.929,79.901,,,84.35,,,,,,85.923,,,67.008,,,,98.65,92.651,,,,,93.95,,,,,103.667,91.854,,,,
2018-10-18,,94.93,79.925,,,84.316,,,,,,85.403,,,63.766,,,,98.992,92.157,,,87.25,,93.724,,,,,103.667,91.897,,,,
2018-10-19,,94.744,79.899,,,84.133,,,,,,84.847,,,63.251,,,,98.666,91.981,,,,,93.069,,,,,103.583,91.176,,,,
2018-10-22,,94.768,78.888,,,83.955,,,,,,84.768,,,64.216,,,,98.673,91.909,,,86.75,,92.954,,,,,103.35,91.404,,,,
2018-10-23,,94.619,76.523,,,83.783,,,,,,84.228,,,65.521,,,,98.311,91.216,,,,,92.723,,,,,102.958,91.372,,,,
2018-10-24,,94.725,75.195,,,83.571,,,,,,84.174,,,67.318,,,,98.42,90.047,,,,,93.012,,,,,102.958,91.567,,,,
2018-10-25,,94.342,72.564,,,83.605,,,,,,83.756,,,66.802,,,,98.503,89.078,,,,,92.203,,,,,102.708,91.082,,,,
2018-10-26,,94.305,72.019,,,84.173,,,,,,83.739,,,66.802,,,,98.464,88.596,,,,,92.115,,,,,102.583,91.004,,,,
2018-10-29,,94.299,71.745,,,84.238,,,,,,83.697,,,66.613,,,,98.576,87.74,,,,,91.871,,,,,102.437,90.983,,,,
2018-10-30,,93.928,71.099,,,84.103,,,,,,83.679,,,66.066,,,,98.33,84.455,,,86.25,,91.493,,,,,102.25,90.694,,,,
2018-10-31,,92.915,70.979,,,83.956,,,,,,83.367,,,65.658,,,,97.874,84.053,,,,,91.33,,,,,102.187,90.577,,,,
2018-11-01,,92.469,70.847,,,83.892,,,,,,82.401,,,65.053,,,,98.197,83.454,,,87.0,,89.86,,,,,101.156,90.014,,,,
2018-11-02,,92.516,71.56,,,83.96,,,,,,82.337,,,66.201,,,,98.077,85.698,,,,,90.878,,,,,101.25,90.503,,,,
2018-11-05,,92.736,71.469,,,83.987,,,,,,82.222,,,65.99,,,,98.104,84.989,,,,,90.428,,,,,100.542,90.305,,,,
2018-11-06,,92.77,71.634,,,83.862,,,,,,82.602,,,66.06,,,,98.006,85.304,,,,,90.498,,,,,100.396,90.529,,,,
2018-11-07,,92.753,71.788,,,83.813,,,,,,82.613,,,66.66,,,,97.94,85.383,,,88.625,,90.695,,,,,100.396,90.811,,,,
2018-11-08,,92.933,71.836,,,83.796,,,,,,82.522,,,67.372,,,,97.947,85.739,,,,,91.432,,,,,100.225,91.962,,,,
2018-11-09,,92.946,72.478,,,83.822,,,,,,82.48,,,68.705,,,,98.212,85.695,,,,,91.448,,,,,100.075,92.015,,,,
2018-11-12,,,,,,,,,,,,,,,,,,,,,,,,,,,,,,100.292,,,,,
2018-11-13,,92.709,71.979,,,83.819,,,,,,82.249,,,68.616,,,,98.127,85.155,,,,,90.447,,,,,99.65,91.429,,,,
2018-11-14,,92.547,72.088,,,83.802,,,,,,82.248,,,68.473,,,,97.873,84.404,,,,,87.579,,,,,97.831,90.442,,,,
2018-11-15,,92.496,71.906,,,83.79,,,,,,82.25,,,68.596,,,,97.664,84.246,,,,,88.028,,,,,97.5,90.629,,,,
2018-11-16,,92.624,71.9,,,83.589,,,,,,82.247,93.266,,68.596,,,,97.984,84.248,,,,,88.265,,,,,97.625,90.821,,,,
2018-11-19,,92.476,71.811,,,83.543,,,,,,82.25,92.752,,68.32,,,,97.521,83.5,,,,,88.138,,,,,97.5,90.39,,,,
2018-11-20,,92.057,70.99,,,83.29,,,,,,82.249,92.484,,68.139,,,,97.472,83.125,,,,,87.907,,,,,97.225,90.126,,,,
2018-11-21,,91.243,70.721,,,83.391,,,,,,82.249,92.297,,67.987,,,,97.412,83.228,,,,,87.172,,,,,95.688,89.545,,,,
2018-11-22,,,,,,,,,,,,,,,,,,,,,,,,,,,,,,96.438,,,,,
2018-11-23,,91.206,71.016,,,83.248,,,,,,82.249,92.704,,67.932,,,,97.314,83.872,,,,,86.803,,,,,95.75,89.452,,,,
2018-11-26,,91.231,71.08,,,83.398,,,,,,82.249,92.918,,68.006,,,,97.347,84.013,,,,,86.619,,,,,91.342,89.41,,,,
2018-11-27,,91.235,70.938,,,83.413,,,,,,82.25,94.0,,67.936,,,,97.379,84.829,,,84.998,,85.505,,,,,91.646,89.165,,,,
2018-11-28,,90.988,70.877,,,83.551,,,,,,82.264,94.941,,67.635,,,,97.075,85.33,,,84.25,,85.506,,,,,91.367,88.783,,,,
2018-11-29,,91.164,70.8,,,83.463,,,,,,82.252,94.857,,67.756,,,,97.128,85.55,,,,,86.276,,,,,91.417,89.267,,,,
2018-11-30,,91.404,70.865,,,83.448,,,,,,82.251,94.979,,67.756,,,,97.183,85.488,,,,,86.922,,,,,91.508,89.494,,,,
2018-12-03,,91.505,71.004,,,83.527,,,,,,79.299,96.027,,68.004,,,,97.579,87.064,,,,,89.287,,,,,92.055,90.916,,,,
2018-12-04,,91.546,71.177,,,83.458,,,,,,78.626,95.876,,68.173,,,,97.382,86.887,,,,,89.394,,,,,92.94,90.957,,,,
2018-12-05,,,,,,,,,,,,,,,,,,,,,,,,,,,,,,93.1,,,,,
2018-12-06,,91.562,71.297,,,83.616,,,,,,78.682,95.936,,68.305,,,,97.143,86.927,,,,,89.216,,,,,93.237,90.589,,,,
2018-12-07,,91.637,71.396,,,83.565,,,,,,78.742,96.34,,68.364,,,,97.536,87.249,,,,,89.334,,,,,93.079,90.732,,,,
2018-12-10,,91.58,71.269,,,83.849,,,,,,78.723,96.349,,68.077,,,,97.247,87.075,,,82.78,,88.971,,,,,92.976,90.351,,,,
2018-12-11,,91.553,71.301,,,83.774,,,,,,78.643,96.576,,67.681,,,,96.914,87.086,,,82.1,,88.72,,,,,92.526,90.154,,,,
2018-12-12,,91.597,71.357,,,83.949,,,,,,78.58,97.394,,68.267,,,,96.695,87.512,,,,,88.807,,,,,92.125,90.081,,,,
2018-12-13,,91.751,72.711,,,84.281,,,,,,78.516,98.42,,68.614,,,,96.774,90.131,,,82.01,,89.084,,,,,92.125,90.252,,,,
2018-12-14,,91.748,73.391,,,84.6,,,,,,78.594,98.472,,68.469,,,,96.805,89.829,,,,,89.2,,,,,92.167,90.225,,,,
2018-12-17,,91.824,73.691,,,84.487,,,,,,78.643,98.497,,68.634,,,,97.011,89.733,,,,,89.26,,,,,92.146,90.249,,,,
2018-12-18,,91.871,73.623,,,84.424,,,,,,78.554,98.22,,68.966,,,,97.034,89.587,,,,,89.181,,,,,92.125,89.866,,,,
2018-12-19,,92.009,73.695,,,84.418,,,,,,78.608,98.081,,69.135,,,,97.089,89.465,,,,,87.446,,,,,90.125,89.362,,,,
2018-12-20,,91.764,73.796,,,84.379,,,,,,78.664,97.938,,69.034,,,,96.564,89.374,,,,,86.919,,,,,89.313,89.204,,,,
2018-12-21,,91.796,73.885,,,84.373,,,,,,78.44,97.907,,68.963,,,,96.739,89.144,,,,,85.489,,,,,89.333,88.336,,,,
2018-12-24,,91.889,73.734,,,84.402,,,,,,78.468,97.876,,68.871,,,,97.147,89.331,,,,,85.586,,,,,89.25,88.254,,,,
2018-12-25,,,,,,,,,,,,,,,,,,,,,,,,,,,,,,89.333,,,,,
2018-12-26,,91.728,73.83,,,84.345,,,,,,78.467,97.695,,68.871,,,,96.821,88.994,,,,,85.33,,,,,89.333,88.032,,,,
2018-12-27,,91.925,73.727,,,84.436,,,,,,78.502,97.867,,68.871,,,,97.083,89.202,,,80.0,,85.58,,,,,89.167,88.113,,,,
2018-12-28,,91.995,73.793,,,84.423,,,,,,78.502,97.895,,68.871,,,,97.373,89.416,,,81.565,,85.809,,,,,89.208,88.157,,,,
2018-12-31,,92.017,73.827,,,84.444,,,,,,78.495,97.915,,68.79,,,,97.246,89.36,,,81.0,,85.778,,,,,89.25,88.025,,,,
2019-01-01,,,,,,,,,,,,,,,,,,,,,,,,,,,,,,89.39,,,,,
2019-01-02,,92.063,74.21,,,84.547,,,,,,59.444,97.976,,68.74,,,,96.625,89.353,,,,,83.791,,,,,89.312,87.769,,,,
2019-01-03,,92.165,73.914,,,84.537,,,,,,58.73,97.884,,68.557,,,,97.496,88.672,,,,,83.499,,,,,89.354,86.313,,,,
2019-01-04,,92.021,73.779,,,84.586,,,,,,58.444,97.532,,68.645,,,,96.282,88.622,,,,,83.763,,,,,89.469,85.656,,,,
2019-01-07,,92.26,74.288,,,84.55,,,,,,70.576,97.872,,68.877,,,,96.783,89.382,,,,,86.33,,,,,90.125,86.048,,,,
2019-01-08,,92.383,75.994,,,85.086,,,,,,70.663,98.018,,69.445,,,,97.008,89.486,,,,,86.828,,,,,91.365,85.758,,,,
2019-01-09,,93.239,77.301,,,85.042,,,,,,70.41,98.235,,71.966,,,,97.616,90.136,,,,,88.937,,,,,94.395,86.136,,,,
2019-01-10,,93.342,77.332,,,85.062,,,,,,70.384,98.285,,71.555,,,,97.06,89.408,,,,,88.259,,,,,94.377,86.013,,,,
2019-01-11,,93.821,77.31,,,85.062,,,,,,74.755,98.228,,71.064,,,,97.369,89.425,,,,,88.86,,,,,94.243,85.635,,,,
2019-01-14,,93.956,77.496,,,85.238,,,,,,75.417,98.338,,71.064,,,,97.204,88.814,,,,,88.965,,,,,95.0,85.396,,,,
2019-01-15,,94.087,78.254,,,84.976,,,,,,75.496,98.811,,71.064,,,,97.113,89.172,,,83.75,,89.196,,,,,94.879,85.466,,,,
2019-01-16,,94.499,78.656,,,84.955,,,,,,75.577,99.027,,71.24,,,,97.424,88.676,,,84.5,,90.296,,,,,95.01,86.199,,,,
2019-01-17,,94.594,78.758,,,85.049,,,,,,75.819,99.03,,71.341,,,,97.185,88.098,,,85.0,,90.171,,,,,95.139,86.282,,,,
2019-01-18,,94.673,78.728,,,85.017,,,,,,75.632,99.11,,71.536,,,,97.072,87.588,,,,,90.644,,,,,95.556,86.9,,,,
2019-01-21,,,,,,,,,,,,,,,,,,,,,,,,,,,,,,95.5,,,,,
2019-01-22,,94.493,78.559,,,85.071,,,,,,76.145,99.4,,72.091,,,,97.397,87.965,,,85.0,,92.163,,,,,96.191,88.07,,,,
2019-01-23,,94.496,78.687,,,85.064,,,,,,76.468,99.321,,71.817,,,,97.576,89.159,,,85.5,,92.164,,,,,96.75,88.069,,,,
2019-01-24,,94.82,79.419,,,85.369,,,,,,76.369,99.833,,70.211,,,,97.745,90.579,,,85.105,,93.014,,,,,97.25,88.922,,,,
2019-01-25,,95.021,81.142,,,85.407,,,,,,76.454,99.948,,69.273,,,,97.97,92.562,,,85.25,,93.293,,,,,98.007,90.339,,,,
2019-01-28,,95.112,82.554,,,86.031,,,,,,76.386,99.973,,69.752,,,,98.486,93.17,,,,,93.549,,,,,97.927,90.649,,,,
2019-01-29,,95.297,82.439,,,86.305,,,,,,76.597,98.012,,68.436,,,,98.354,92.267,,,,,91.811,,,,,97.834,90.194,,,,
2019-01-30,,95.434,82.389,,,87.558,,,,,,76.604,98.707,,68.541,,,,98.627,92.769,,,,,91.875,,,,,97.866,90.37,,,,
2019-01-31,,95.516,82.485,,,87.962,,,,,,76.745,99.415,,69.636,,,,98.689,93.518,,,,,92.98,,,,,98.201,91.581,,,,
2019-02-01,,95.366,82.568,,,88.138,,,,,,75.72,99.392,,69.756,,,,98.386,93.418,,,88.74,,92.743,,,,,98.306,91.134,,,,
2019-02-04,,95.452,82.56,,,87.899,,,,,,75.385,99.697,,69.7,,,,98.434,93.451,,,,,92.599,,,,,98.265,91.3,,,,
2019-02-05,,95.495,82.592,,,87.905,,,,,,76.748,99.705,,69.7,,,,98.699,93.528,,,,,92.884,,,,,98.302,91.401,,,,
2019-02-06,,95.367,82.589,,,87.946,,,,,,76.748,99.696,,69.647,,,,98.574,93.441,,,,,92.929,,,,,98.449,91.366,,,,
2019-02-07,,95.323,82.597,,,88.018,,,,,,75.359,99.656,,69.647,,,,98.454,93.459,,,89.0,,92.965,,,,,98.47,91.3,,,,
2019-02-08,,95.512,82.766,,,87.956,,,,,,75.709,99.663,,69.852,,,,98.737,93.391,,,,,92.848,,,,,98.64,91.132,,,,
2019-02-11,,95.761,82.974,,,87.537,,,,,,75.371,99.719,,69.892,,,,98.749,93.47,,,,,92.978,,,,,98.406,91.359,,,,
2019-02-12,,95.785,84.037,,,87.484,,,,,,75.391,99.932,,69.659,,,,99.039,93.736,,,,,93.205,,,,,98.379,91.145,,,,
2019-02-13,,95.944,85.215,,,87.591,,,,,,74.691,100.026,,69.452,,,,99.109,93.405,,,,,93.386,,,,,98.686,91.29,,,,
2019-02-14,,96.017,85.245,,,87.732,,,,,,74.624,100.073,,69.045,,,,99.305,93.515,,,,,93.548,,,,,98.895,91.416,,,,
2019-02-15,,96.068,86.427,,,87.731,,,,,,75.525,100.37,,68.556,,,,99.474,93.666,,,,,94.09,,,,,99.506,91.285,,,,
2019-02-18,,,,,,,,,,,,,,,,,,,,,,,,,,,,,,100.292,,,,,
2019-02-19,,96.403,88.896,,,88.325,,,,,,75.555,100.535,,67.696,,,,100.631,94.76,,,,,95.044,,,,,100.913,91.777,,,,
2019-02-20,,96.233,88.4,,,88.332,,,,,,75.627,100.289,,67.096,,,,100.802,94.157,,,,,94.702,,,,,100.78,91.771,,,,
2019-02-21,,96.053,87.305,,,88.389,,,,,,75.8,100.151,,67.649,,,,100.987,94.015,,,,,94.466,,,,,100.789,91.713,,,,
2019-02-22,,96.054,84.827,,,88.264,,,,,,75.871,100.054,,67.446,,,,101.207,93.115,,,,,94.509,,,,,100.469,91.899,,,,
2019-02-25,,95.897,84.539,,,88.255,,,,,,75.889,99.905,,67.186,,,,101.205,93.181,,,,,94.504,,,,,100.519,91.899,,,,
2019-02-26,,95.925,84.642,,,88.262,,,,,,75.521,99.922,,67.084,,,,100.959,93.289,,,88.0,,94.22,,,,,99.947,91.762,,,,
2019-02-27,,95.786,85.249,,,88.298,,,,,,75.539,100.053,,67.012,,,,100.314,93.672,,,,,94.068,,,,,99.9,91.685,,,,
2019-02-28,,96.019,85.516,,,88.284,,,,,,75.63,100.221,,67.381,,,,100.327,94.056,,,,,94.251,,,,,99.882,92.475,,,,
2019-03-01,,95.951,85.495,,,88.255,,,,,,75.632,100.241,,67.947,,,,100.393,95.157,,,89.0,,94.656,,,,,99.905,93.084,,,,
2019-03-04,,96.107,86.392,,,88.565,,,,,,77.232,100.71,,68.598,,,,100.8,95.769,,,,,94.808,,,,,100.066,94.187,,,,
2019-03-05,,96.432,86.729,,,89.101,,,,,,77.011,100.601,,70.434,,,,100.761,96.115,,,88.375,,95.092,,,,,100.158,94.737,,,,
2019-03-06,,96.477,86.76,,,89.469,,,,,,76.9,100.924,,79.43,,,,100.9,96.828,,,,,94.903,,,,,100.152,95.086,,,,
2019-03-07,,96.567,86.224,,,89.305,,,,,,78.163,100.862,,80.605,,,,101.019,96.575,,,,,94.662,,,,,100.182,95.333,,,,
2019-03-08,,96.367,85.585,,,89.254,,,,,,80.217,100.563,,79.121,,,,100.78,95.148,,,,,93.678,,,,,100.08,94.43,,,,
2019-03-11,,96.317,86.111,,,89.392,,,,,,80.803,100.732,,80.228,,,,100.705,96.299,,,87.875,,93.786,,,,,100.188,94.511,,,,
2019-03-12,,96.565,86.822,,,89.765,,,,,,81.134,101.146,,88.179,,,,101.103,97.161,,,,,94.519,,,,,100.375,95.156,,,,
2019-03-13,,96.584,87.889,,,89.931,,,,,,81.172,101.209,,86.848,,,,100.967,97.574,,,,,94.434,,,,,100.438,95.314,,,,
2019-03-14,,96.746,89.92,,,90.245,,,,,,81.267,101.228,,87.191,,,,101.155,98.501,,,89.25,,94.582,,,,,100.5,95.847,,,,
2019-03-15,,96.99,90.347,,,90.698,,,,,,81.281,101.415,,89.605,,,,101.7,99.297,,,,,95.115,,,,,100.5,96.011,,,,
2019-03-18,,97.309,90.557,,,91.665,,,,,,83.282,101.685,,89.386,,,,101.812,100.104,,,89.625,,95.897,,,,,100.833,96.765,,,,
2019-03-19,,97.271,91.26,,,92.091,,,,,,84.403,101.395,,89.762,,,,101.827,99.733,,,90.0,,96.568,,,,,101.219,97.16,,,,
2019-03-20,,98.334,90.365,,,92.157,,,,,,84.289,101.466,,89.849,,,,102.229,100.316,,,,,96.45,,,,,101.167,97.618,,,,
2019-03-21,,97.261,91.814,,,92.723,,,,,,85.419,101.402,,89.623,,,,102.457,101.311,,,,,96.986,,,,,100.875,97.759,,,,
2019-03-22,,97.241,92.106,,,92.758,,,,,,86.049,101.641,,91.28,,,,103.059,101.997,,,91.25,,97.803,,,,,101.445,98.086,,,,
2019-03-25,,97.34,92.304,,,92.769,,,,,,86.818,101.42,,90.948,,,,102.828,101.665,,,,,97.563,,,,,101.583,97.781,,,,
2019-03-26,,97.562,93.76,,,93.024,,,,,,87.294,101.504,,90.771,,,,102.922,101.328,,,,,97.679,,,,,102.531,97.992,,,,
2019-03-27,,97.578,93.222,,,93.189,,,,,,88.3,101.502,,92.835,,,,103.031,100.232,,,91.85,,97.938,,,,,102.708,98.006,,,,
2019-03-28,,97.517,92.842,,,92.968,,,,,,88.293,101.45,,92.52,,,,103.113,99.337,,,92.75,,97.547,,,,,102.656,97.767,,,,
2019-03-29,,97.61,92.785,,,92.804,,,,,,88.848,101.445,,92.382,,,,103.482,98.698,,,92.5,,97.33,,,,,102.708,97.875,,,,
2019-04-01,,97.602,92.523,,,92.767,,,,,,88.79,101.34,,92.275,,,,103.509,98.261,,,,,97.152,,,,,102.708,97.5,,,,
2019-04-02,,97.606,92.121,,,92.598,,,,,,88.677,101.298,,91.6,,,,103.908,97.865,,,,,96.931,,,,,102.708,97.373,,,,
2019-04-03,,97.659,92.647,,,92.472,,,,,,88.258,101.33,,91.664,,,,103.503,98.471,,,,,97.036,,,,,102.708,97.357,,,,
2019-04-04,,97.598,93.057,,,92.584,,,,,,88.258,101.221,,91.673,,,,103.598,98.29,,,92.75,,97.061,,,,,102.833,97.296,,,,
2019-04-05,,97.789,92.725,,,92.587,,,,,,88.263,101.315,,91.896,,,,103.951,98.546,,,,,97.225,,,,,102.75,97.434,,,,
2019-04-08,,97.798,92.317,,,92.288,,,,,,88.258,101.123,,90.687,,,,103.366,97.235,,,,,96.605,,,,,102.781,96.087,,100.591,,
2019-04-09,,97.768,92.336,,,92.243,,,,,,88.258,101.128,,89.634,,,,103.495,97.935,,,,,95.838,,,,,102.875,95.554,,100.693,,
2019-04-10,,97.839,92.359,,,92.156,,,,,,88.258,101.199,,89.222,,,,103.732,97.746,,,92.44,,95.683,,,,,102.875,95.574,,100.673,,
2019-04-11,,97.689,92.381,,,92.208,,,,,,88.258,101.13,,88.848,,,,103.263,97.27,,,92.25,,95.204,,,,,102.813,95.735,,100.573,,
2019-04-12,,97.736,92.333,,,92.027,,,,,,88.258,101.21,,89.125,,,,103.361,97.214,,,93.875,,95.373,,,,,102.608,95.998,,100.656,,
2019-04-15,,97.613,92.254,,,92.158,,,,,,88.223,101.264,,90.332,,,,103.365,97.238,,,,,96.003,,,,,102.813,96.853,,100.854,,100.418
2019-04-16,,97.51,92.251,,,92.173,,,,,,88.352,101.187,,90.44,,,,103.329,96.63,,,92.125,,96.365,,,,,102.813,97.368,,100.939,,100.652
2019-04-17,,97.575,92.316,,,92.308,,,,,,88.184,101.312,,91.16,,,,103.634,96.653,,,,,97.015,,,,,102.875,98.235,,101.179,,100.91
2019-04-18,,97.486,92.609,,,92.336,,,,,,87.793,101.313,,91.026,,,,103.481,96.593,,,,,97.151,,,,,103.094,98.769,,101.113,,100.907
2019-04-19,,,,,,,,,,,,,,,,,,,,,,,,,,,,,,102.725,,,,,
2019-04-22,,97.426,92.614,,,92.332,,,,,,87.839,101.296,,91.067,,,,103.383,96.561,,,93.2,,97.108,,,,,103.094,98.759,,101.065,,100.906
2019-04-23,,97.452,92.387,,,92.281,,,,,,85.488,101.321,,91.2,,,,103.552,96.493,,,93.913,,97.3,,,,,103.219,98.819,,101.321,,100.746
2019-04-24,,97.561,92.286,,,92.283,,,,,,85.298,101.369,,91.451,,,,103.705,96.304,,,93.2,,97.348,,,,,103.3,98.81,,101.289,,100.69
2019-04-25,,97.511,92.046,,,92.248,,,,,,79.437,101.384,,91.364,,,,103.466,96.107,,,93.59,,97.26,,,,,103.312,98.642,,101.204,,100.619
2019-04-26,,97.729,92.063,,,92.291,,,,,,79.6,101.514,,91.261,,,,103.683,95.854,,,93.6,,97.447,,,,,103.881,98.623,,101.296,,100.665
2019-04-29,,97.522,91.965,,,92.481,,,,,,79.71,101.469,,91.43,,,,103.549,95.777,,,,,97.674,,,,,103.969,98.52,,101.302,,100.761
2019-04-30,,97.862,92.014,,,92.884,,,,,,79.718,101.617,,91.398,,,,103.815,95.917,,,93.6,,97.944,,,,,104.031,98.765,,101.318,,100.898
2019-05-01,,97.516,91.943,,,92.866,,,,,,79.735,101.476,,91.044,,,,103.552,95.728,,,93.875,,97.591,,,,,104.083,98.558,,101.217,,100.891
2019-05-02,,97.499,91.946,,,92.79,,,,,,79.707,101.564,,91.135,,,,103.32,95.697,,,,,97.878,,,,,104.094,98.672,,101.199,,100.9
2019-05-03,,97.488,91.802,,,92.856,,,,,,79.709,101.673,,91.361,,,,103.71,95.937,,,,,97.979,,,,,103.813,98.696,,101.262,,100.929
2019-05-06,,97.313,91.486,,,92.665,,,,,,79.704,101.781,,90.663,,,,103.344,95.363,,,,,97.996,,,,,103.719,98.929,,101.173,,100.677
2019-05-07,,97.192,91.543,,,92.644,,,,,,79.489,101.66,,90.73,,,,103.628,95.599,,,,,97.893,,,,,103.781,98.023,,101.11,,100.675
2019-05-08,,96.995,91.505,,,90.871,,,,,,79.182,101.565,,90.253,,,,103.149,94.847,,,94.25,,97.375,,,,,103.781,97.644,,100.72,,98.938
2019-05-09,,96.858,91.334,,,90.441,,,,,,79.223,101.567,,89.7,,,,103.396,94.024,,,93.25,,97.228,,,,,103.594,96.453,,99.67,,98.641
2019-05-10,,96.91,91.148,,,90.023,,,,,,79.022,101.484,,89.302,,,,103.233,93.812,,,,,96.918,,,,,103.417,94.287,,99.255,,98.21
2019-05-13,,96.834,90.941,,,90.138,,,,,,79.002,101.427,,89.251,,,,103.18,93.935,,,92.25,,96.942,,,,,103.475,94.267,,99.141,,98.261
2019-05-14,,96.729,90.226,,,89.793,,,,,,79.085,101.212,,88.09,,,,102.819,93.562,,,,,96.098,,,,,103.25,91.59,,98.879,,97.896
2019-05-15,,97.059,93.156,,,89.904,,,,,,79.082,101.191,,88.283,,,,102.912,93.508,,,,,96.815,,,,,103.187,93.384,,99.067,,98.07
2019-05-16,,97.078,93.308,,,90.302,,,,,,79.073,101.353,,88.458,,,,102.948,93.338,,,91.25,,96.863,,,,,103.187,93.569,,99.015,,98.072
2019-05-17,,96.706,93.84,,,90.251,,,,,,78.687,101.291,,88.262,,,,102.936,93.391,,,,,96.974,,,,98.122,103.417,93.493,,99.066,,98.172
2019-05-20,,96.674,94.116,,,90.316,,,,,,78.886,101.251,,88.145,,,,102.788,93.261,,,92.275,,96.881,,,,98.072,103.25,93.423,,98.939,,98.192
2019-05-21,,96.596,93.879,,,90.288,,,,,,79.324,101.381,,87.862,,,,103.037,93.196,,,91.73,,97.078,,,,97.997,103.333,93.446,,98.997,,98.254
2019-05-22,,97.056,94.149,,,90.272,,,,,,79.486,101.512,,88.37,,,,103.318,93.112,,,,,97.434,,,,98.887,103.25,93.421,,99.144,99.585,98.294
2019-05-23,,97.098,94.356,,,90.289,,,,,,79.426,101.59,,88.342,,,,103.231,93.159,,,91.02,,97.441,,,,98.666,103.333,93.358,,99.243,99.577,98.354
2019-05-24,,97.094,93.535,,,90.288,,,,,,79.139,101.559,,88.37,,,,102.974,92.809,,,91.66,,97.082,,,,98.1,103.456,93.24,,99.132,99.707,98.383
2019-05-27,,,,,,,,,,,,,,,,,,,,,,,,,,,,,,103.167,,,,,
2019-05-28,,97.019,94.248,,,90.323,,,,,,79.765,101.739,,88.205,,,,102.878,92.983,,,,,97.284,,,,98.485,103.167,93.115,,99.132,100.148,98.406
2019-05-29,,96.969,94.546,,,90.368,,,,,,79.547,101.751,,87.974,,,,102.813,92.895,,,,,97.016,,,,98.333,103.156,93.032,,98.931,100.118,98.374
2019-05-30,,96.978,94.613,,,90.353,,,,,,79.436,101.847,,88.379,,,,103.21,93.214,,,,,97.369,,,,98.633,103.188,93.296,,99.192,100.387,98.527
2019-05-31,,97.032,94.572,,,90.358,,,,,,79.459,101.947,,88.209,,,,103.11,93.002,,,,,97.142,,,,98.291,103.208,93.0,,99.083,100.693,98.546
2019-06-03,,96.847,94.207,,,90.289,,,,,,79.202,101.821,,87.979,,,,103.101,92.561,,,90.82,,96.302,,,,97.773,103.063,92.56,,98.898,99.804,98.627
2019-06-04,,96.701,93.853,,,90.261,,,,,,79.152,101.756,,86.837,,,,102.415,91.76,,,,,93.945,,,,95.309,103.0,92.088,,98.592,99.378,98.625
2019-06-05,,96.718,93.913,,,90.268,,,,,,79.152,101.729,,86.979,,,,102.693,91.814,,,91.875,,94.929,,,,96.119,102.563,92.257,,98.499,99.639,98.625
2019-06-06,,96.653,93.92,,,90.16,,,,,,80.738,101.746,,87.076,,,,102.69,92.001,,,,,94.887,,,,96.111,102.313,91.945,,98.465,99.634,98.667
2019-06-07,,96.695,93.96,,,90.225,,,,,,80.737,101.936,,87.322,,,,103.317,92.034,,,,,95.202,,,,96.411,102.458,92.093,,98.741,99.856,98.675
2019-06-10,,96.734,94.311,,,90.26,,,,,,80.81,101.958,,87.806,,,,103.652,92.608,,,,,95.743,,,,96.889,102.575,92.363,,98.589,100.012,98.802
2019-06-11,,96.781,94.676,,,90.284,,,,,,80.76,101.931,,88.968,,,,104.204,93.765,,,,,96.448,,,,98.092,102.531,92.757,,98.542,99.862,98.731
2019-06-12,,97.122,94.551,,,90.279,,,,,,80.631,102.051,,88.746,,,,104.061,93.979,,,92.6,,96.292,,104.579,,97.682,102.531,92.598,,98.254,99.802,98.744
2019-06-13,,96.84,94.683,,,90.221,,,,,,80.647,102.101,,88.818,,,,104.421,93.783,,,,,96.148,,104.776,,97.585,102.531,92.589,,98.431,99.751,98.713
2019-06-14,,96.727,94.617,,,90.18,,,,,,80.612,102.075,,88.59,,,,104.217,93.805,,,,,96.01,,104.673,,97.428,102.625,92.411,,98.178,99.606,98.722
2019-06-17,,96.788,94.465,,,90.061,,,,,,80.713,102.135,,88.578,,,,104.284,93.806,,,94.2,,96.027,,104.572,,97.254,102.525,92.407,,98.376,99.536,98.687
2019-06-18,,96.697,94.43,,,89.741,,,,,,80.72,102.049,,88.304,,,,104.123,93.68,,,,,95.826,,104.295,,97.2,102.531,92.239,,98.24,99.449,98.509
2019-06-19,,96.987,94.884,,,89.322,,,,,,80.711,102.387,,89.654,,,,105.193,94.6,,,,,98.127,,105.289,,99.274,102.475,93.001,,98.845,100.132,98.018
2019-06-20,,96.756,95.682,,,89.007,,,,,,80.738,102.114,,91.429,,,,104.6,95.383,,,97.0,,98.422,,104.999,,99.442,102.531,93.247,,99.85,100.789,98.12
2019-06-21,,96.872,95.685,,,89.028,,,,,,80.709,102.273,,91.512,,,,105.177,94.875,,,96.375,,98.267,,105.212,,99.4,102.542,93.382,,99.913,100.744,98.198
2019-06-24,,96.87,95.705,,,89.067,,,,,,80.835,102.197,,91.605,,,,105.104,94.581,,,,,98.433,,105.375,,99.739,102.458,93.454,,99.778,100.789,98.247
2019-06-25,,97.097,95.352,,,88.98,,,,,,80.723,102.201,,91.516,,,,105.318,94.677,,,,,98.764,,105.904,,99.918,102.458,93.496,,99.767,100.685,98.321
2019-06-26,99.733,96.954,95.294,,,88.969,,,,,,80.742,102.219,,91.149,,,,105.062,94.451,,,,,99.053,,105.098,,99.956,102.542,93.787,,99.627,100.432,98.355
2019-06-27,99.732,97.0,95.546,,,88.965,,,,,,80.652,102.219,,91.806,,,,105.444,94.451,,,95.875,,99.623,,105.446,,100.562,102.542,94.572,,99.996,100.827,98.345
2019-06-28,99.926,97.061,95.657,,,88.891,,,,,,80.57,102.235,,91.739,,,,105.36,94.19,,,,,99.762,,105.358,,100.769,102.625,95.583,,99.759,101.158,98.169
2019-07-01,100.357,97.053,96.423,,,88.875,,,,,,80.616,102.328,,91.648,,,,105.628,94.661,,,,,100.149,,105.462,,101.16,102.625,96.611,,100.076,101.256,98.213
2019-07-02,100.53,97.144,96.881,,,88.845,,,,,,80.756,102.498,,93.853,,,,106.217,94.697,,,97.4,,100.965,,106.135,,102.168,102.542,96.793,,100.383,102.152,98.155
2019-07-03,100.462,97.164,97.164,,,88.9,,,,,,80.471,102.601,,94.223,,,,105.973,94.909,,,98.775,,101.126,,106.004,,102.277,102.542,96.743,,100.228,102.23,98.165
2019-07-04,,,,,,,,,,,,,,,,,,,,,,,,,,,,,,102.542,,,,,
2019-07-05,100.744,97.052,97.063,,,88.775,,,,,,80.402,102.48,,93.852,,,,105.697,94.939,,,,,100.964,,105.338,,101.955,102.667,96.381,,99.782,102.026,98.175
2019-07-08,100.686,97.136,97.151,,,88.759,,,,,,80.773,102.515,,94.016,,,,105.952,94.659,,,,,100.948,,105.822,,101.94,102.594,96.186,,99.928,102.138,98.169
2019-07-09,100.177,97.061,97.085,,,88.76,,,,,,80.685,102.402,,93.153,,,,106.366,94.51,,,,,100.874,,105.647,,101.537,102.594,95.378,,99.803,102.046,98.214
2019-07-10,99.935,97.16,97.052,,,88.76,,,,,,80.751,102.436,,92.822,,,,106.186,94.273,,,,,100.858,,106.005,,101.619,102.581,95.307,,99.971,102.065,98.149
2019-07-11,100.183,97.062,96.668,,,88.629,,,,,,80.902,102.272,,92.685,,,,105.555,93.806,,,,,100.437,,105.206,,101.785,102.581,94.979,,99.603,101.854,98.042
2019-07-12,100.152,97.191,96.895,,,88.495,,,,,,86.827,102.364,,93.139,,,,105.983,93.773,,,97.25,,100.921,,105.685,,101.909,102.791,95.069,,99.897,102.029,97.919
2019-07-15,100.188,97.17,96.862,,,88.579,,,,,,,102.375,,93.329,,,,106.055,93.731,,,97.15,,101.055,,105.853,,102.275,102.623,95.008,,99.753,102.116,97.824
2019-07-16,100.265,97.118,96.315,,,88.6,,,,,,,102.326,,91.966,,,,105.74,93.464,,,,,100.439,,105.32,,101.376,102.62,94.273,,99.442,102.285,97.668
2019-07-17,100.111,97.143,96.251,,,88.349,,,,,,89.025,102.385,,91.873,,,,106.085,93.281,,,96.95,,100.054,,105.762,,101.082,102.586,93.488,,99.495,101.407,97.551
2019-07-18,100.084,96.863,96.237,,,88.048,,,,,,89.076,102.23,,92.324,,,,106.067,93.439,,,,,99.773,,105.765,,100.718,102.542,93.138,,99.335,101.445,97.283
2019-07-19,100.066,96.92,96.113,,,88.203,,,,,,89.505,102.298,,93.283,,,,106.174,93.622,,,,,99.453,,105.571,,100.449,102.332,92.61,,99.371,101.295,97.28
2019-07-22,100.107,96.915,96.13,,,87.983,,,,,,90.563,102.289,,93.463,,,,106.252,93.687,,,97.99,,99.378,,105.35,,100.672,102.437,92.529,,99.008,101.201,97.129
2019-07-23,100.178,96.887,96.134,,,87.38,,,,,,89.66,102.241,,93.916,,,,105.761,93.979,,,,,99.414,,105.344,,100.503,102.458,92.465,,98.991,101.179,96.03
2019-07-24,100.324,96.917,96.252,,,86.668,,,,,,89.269,102.319,,94.536,,,,106.067,94.255,,,99.65,,100.369,,105.529,,100.722,102.458,92.586,,98.943,101.423,95.081
2019-07-25,100.53,96.883,96.42,,,86.018,,,,,,89.269,102.314,,94.57,,,,105.97,94.557,,,,,99.508,,105.505,,100.828,102.563,92.61,,98.86,101.417,93.628
2019-07-26,100.524,96.972,96.489,,,86.163,,,,,,89.713,102.315,,94.814,,,,106.228,94.676,,,100.875,,99.891,,105.692,,101.058,102.726,92.666,,98.859,101.59,93.965
2019-07-29,100.785,96.928,96.437,,,86.385,,,,,,89.313,102.314,,94.894,,,,106.101,94.736,,,98.625,,99.819,,105.459,,100.973,102.562,92.52,,98.77,101.602,93.987
2019-07-30,100.959,96.921,96.375,,,86.516,,,,,,88.324,102.391,,92.597,,,,106.518,94.74,,,100.25,,99.851,,105.682,,101.144,102.562,92.446,,98.453,101.631,93.938
2019-07-31,100.929,96.876,95.966,,,86.306,,,,,,88.974,102.325,,92.927,,,,106.32,94.696,,,,,99.96,,105.608,,100.971,102.625,91.964,,98.391,101.527,93.82
2019-08-01,100.546,96.894,95.784,,,86.2,,,,,,88.94,102.368,,92.454,,,,107.181,94.579,,,,,99.414,,105.351,,100.548,102.542,91.421,,98.546,101.306,93.644
2019-08-02,100.274,96.897,94.976,,,86.239,,,,,,88.741,102.218,,91.316,,,,105.935,94.061,,,,,98.606,,105.379,,99.441,102.375,90.685,,97.322,100.783,93.569
2019-08-05,99.397,96.807,93.738,,,86.034,,,,,,87.758,101.898,,90.107,,,,106.044,92.952,,,,,96.395,,105.357,,97.642,102.219,90.203,,95.911,99.084,93.5
2019-08-06,99.632,96.714,92.811,,,86.139,,,,,,87.342,101.845,,90.044,,,,105.77,92.45,,,96.5,,96.669,,104.713,,97.121,102.167,88.783,,95.727,98.222,93.5
2019-08-07,99.578,96.398,92.953,,,86.159,,,,,,87.65,101.853,,90.326,,,,105.405,93.034,,,97.375,,97.013,,104.098,,97.606,102.208,88.428,,95.213,98.896,93.522
2019-08-08,99.551,96.937,93.421,,,86.168,,,,,,87.471,102.064,,91.539,,,,105.947,94.012,,,97.25,,97.805,,105.112,,98.692,102.208,88.231,,94.906,99.378,93.546
2019-08-09,99.801,96.277,93.422,,,85.973,,,,,,88.658,102.077,,91.368,,,,105.734,93.643,,,97.25,,97.756,,104.376,,98.382,101.973,87.89,,94.409,99.596,93.266
2019-08-12,99.583,96.278,93.096,,,85.705,,,,,,88.946,102.128,,91.548,,,,106.023,92.363,,,97.6,,97.971,,105.04,,98.631,101.917,87.237,,94.718,99.53,93.011
2019-08-13,99.197,95.902,92.409,,,85.429,,,,,,89.255,101.794,,90.913,,,,105.281,91.569,,,,,97.305,,104.295,,97.863,101.833,86.258,,93.915,97.707,92.392
2019-08-14,99.464,96.104,90.764,,,85.325,,,,,,89.272,101.913,,91.631,,,,105.86,91.596,,,,,98.114,,104.959,,98.529,101.833,84.186,,93.922,98.234,92.526
2019-08-15,99.039,95.951,89.196,,,85.304,,,,,,88.667,101.556,,91.283,,,,105.522,89.69,,,,,97.304,,104.449,,97.694,101.708,82.589,,92.317,96.867,92.39
2019-08-16,99.488,95.806,88.407,,,85.311,,,,,,88.658,101.652,,91.548,,,,105.682,90.287,,,96.75,,97.607,,104.463,,98.161,101.587,80.164,,92.298,96.89,92.428
2019-08-19,99.751,95.454,90.161,,,84.981,,,,,,88.033,101.638,,91.916,,,,105.763,90.48,,,96.25,,97.791,,104.706,,98.354,101.75,79.918,,92.886,96.745,92.063
2019-08-20,99.705,95.719,90.697,,,85.086,,,,,,88.61,101.87,,92.144,,,,106.034,90.708,,,,,98.512,,105.066,,99.254,101.69,79.359,,93.951,97.375,92.027
2019-08-21,99.742,95.596,90.863,,,85.114,,,,,,88.522,101.847,,93.343,,,,105.827,90.828,,,97.75,,99.662,,104.785,,100.327,101.792,79.515,,94.038,97.203,90.646
2019-08-22,99.848,95.586,91.523,,,84.45,,,,,,88.708,102.037,,93.266,,,,106.016,91.013,,,98.525,,99.722,,105.127,,100.433,101.917,79.648,,94.37,97.289,90.51
2019-08-23,99.833,95.605,91.67,101.1,,84.255,,,,,,88.039,102.137,,93.454,,,,106.776,91.069,,,,,100.008,,104.977,,100.719,101.958,79.423,,94.854,97.288,90.439
2019-08-26,99.447,95.443,90.432,100.825,,83.491,,,,,,88.039,102.099,,92.735,,,,105.823,90.048,,,,,98.969,,105.585,,99.877,101.708,79.023,,94.214,96.605,90.049
2019-08-27,99.613,95.489,90.421,100.969,,83.511,,,,,,88.04,101.984,,92.95,,,,106.341,90.099,,,,,99.397,,105.551,,100.307,101.719,77.908,,95.051,96.853,89.823
2019-08-28,99.702,95.503,90.266,101.0,,83.271,,,,,,87.96,102.169,,91.026,,,,106.232,89.822,,,97.75,,99.188,,105.378,,100.012,101.833,76.372,,95.055,96.506,89.546
2019-08-29,99.703,95.521,90.087,100.917,,82.177,,,,,,87.959,102.029,,90.959,,,,106.327,89.41,,,,,99.122,,105.466,,99.926,101.917,76.289,,95.124,96.413,88.924
2019-08-30,99.797,95.44,89.87,100.958,,82.04,,,,,,87.908,102.002,,91.012,,,,106.388,88.942,,,98.01,,99.074,,105.529,,99.861,101.958,76.32,,95.108,96.374,88.741
2019-09-02,,,,100.969,,,,,,,,,,,,,,,,,,,,,,,,,,101.75,,,,,
2019-09-03,100.085,95.077,89.323,100.969,,81.786,,,,,,85.136,102.044,,90.489,,,,106.458,87.733,,,,,99.08,,105.898,,99.976,101.75,76.079,,95.116,96.011,88.384
2019-09-04,100.446,94.877,88.651,100.972,,81.134,,,,,,85.123,102.03,,90.041,,,,106.745,86.823,,,,,98.981,,105.805,,99.856,101.833,76.05,,95.173,95.559,87.933
2019-09-05,101.075,94.864,89.045,100.875,,80.652,,,,,,87.914,102.069,,90.011,,,,106.51,86.532,,,,,99.05,,105.297,,99.999,101.875,76.607,,95.231,95.019,87.542
2019-09-06,100.929,94.772,90.165,101.187,,80.313,,,,,,85.465,102.019,,91.131,,,,106.48,87.418,,,,,99.498,,106.02,,100.627,101.765,76.809,,95.313,95.568,85.459
2019-09-09,100.963,94.64,91.181,101.219,,78.18,,,,,,85.38,102.179,,91.804,,,,106.278,88.391,,,98.2,,99.335,,105.521,,100.445,101.833,77.112,,95.315,95.986,85.393
2019-09-10,100.755,94.568,91.572,101.583,,76.262,,,,,,87.87,102.22,,91.671,,,,106.133,88.538,,,97.375,,99.295,,105.405,,100.274,102.042,77.132,,95.035,96.349,85.404
2019-09-11,100.64,94.736,92.116,101.775,,75.532,,,,,,87.872,102.329,,92.458,,,,106.626,88.714,,,96.25,,99.566,,106.042,,100.616,102.0,77.132,,95.098,96.735,84.772
2019-09-12,100.9,94.508,92.214,102.031,,76.509,,,,,,87.87,102.402,,92.7,,,,106.247,89.204,,,,,99.646,,105.742,,100.397,102.167,77.697,,95.258,98.445,82.093
2019-09-13,101.121,94.574,92.749,102.35,,75.398,,,,,,87.872,102.264,,92.906,,,,106.046,90.507,,,,,99.614,,105.305,,100.299,102.208,78.718,,95.19,98.909,82.074
2019-09-16,100.889,94.51,92.961,102.525,,75.453,,,,,,84.861,102.228,,93.189,,,,106.598,90.138,,,96.15,,100.572,,106.024,,101.269,102.833,79.508,,95.271,99.083,82.136
2019-09-17,100.679,94.534,93.049,102.531,,75.433,,,,,,85.081,102.338,,92.673,,,,106.805,89.893,,,94.5,,100.78,,106.275,,101.558,102.875,79.794,,95.299,99.235,82.085
2019-09-18,100.842,94.612,92.855,102.588,,75.339,,,,,,85.205,102.334,,92.423,,,,106.636,89.738,,,95.405,,100.722,,106.132,,101.424,102.95,79.794,,95.235,99.133,82.143
2019-09-19,100.489,94.658,91.79,102.625,,75.11,,,,,,85.29,102.302,,92.308,,,,106.712,88.474,,,95.525,,100.68,,106.256,,101.301,103.0,79.687,,95.198,98.655,81.734
2019-09-20,100.554,94.662,91.848,102.969,,75.132,,,,,,85.235,102.347,,92.7,,,,106.988,88.769,,,94.287,,100.925,,106.865,,101.71,103.125,79.669,,95.132,98.907,81.758
2019-09-23,100.584,94.668,91.607,103.053,,74.977,,,,101.15,,84.777,102.342,,91.869,,,,106.562,87.935,,,95.231,,100.616,,105.918,,101.294,103.15,79.686,,95.055,98.909,81.68
2019-09-24,100.48,94.666,91.648,102.975,,74.844,,,,101.175,,85.024,102.418,,92.27,,,,107.05,87.873,,,94.132,,100.794,,106.783,,101.56,103.188,79.381,,95.095,98.931,81.649
2019-09-25,100.398,94.616,91.397,102.975,,75.282,,,,101.28,,85.193,102.326,,91.215,,,,106.165,87.565,,,93.0,,100.287,,105.629,,100.81,103.125,79.313,,94.976,98.199,81.478
2019-09-26,100.287,94.602,91.296,103.125,,75.083,,,,101.24,,85.283,102.336,,91.593,,,,106.748,87.498,,,93.0,,100.399,,106.183,,101.078,103.083,79.604,,95.321,98.131,81.435
2019-09-27,100.256,94.645,91.078,102.958,,75.018,,,,101.24,,85.193,102.289,,91.744,,,,106.75,87.211,,,95.5,,100.649,,106.449,,101.354,103.083,79.602,,95.064,98.176,81.381
2019-09-30,100.26,94.605,91.002,102.975,,75.254,,,,101.249,,85.469,102.258,,91.417,,,,106.915,86.975,,,,,100.62,,106.526,,101.312,103.125,79.602,,94.959,97.963,81.269
2019-10-01,100.26,94.75,91.547,102.975,,75.225,,,,101.249,,85.282,102.326,,91.768,,,,107.263,86.863,,,,,100.937,,106.919,,101.497,103.125,80.906,,95.061,98.238,81.298
2019-10-02,100.179,94.639,91.297,102.975,,74.959,,,,101.249,,85.515,102.372,,91.388,,,,106.862,87.403,,,92.0,,100.65,,106.44,,101.316,103.175,80.468,,94.812,98.149,81.13
2019-10-03,100.147,94.66,91.898,102.969,,74.954,,,,101.321,,85.195,102.413,,91.472,,,,107.082,87.482,,,92.225,,100.868,,106.844,,101.146,103.281,82.015,,94.72,98.192,81.189
2019-10-04,100.312,94.585,91.767,103.031,,75.198,,,,101.323,,85.276,102.403,,91.221,,,,106.677,87.551,,,93.5,,100.551,,106.295,,101.079,103.125,83.064,,94.747,98.266,81.097
2019-10-07,100.411,94.572,91.898,103.075,,75.206,,,,101.305,,85.237,102.361,,91.046,,,,106.49,87.501,,,93.496,,100.39,,106.208,,100.834,103.25,82.141,,94.479,98.186,81.101
2019-10-08,100.393,94.61,92.126,103.25,,75.163,,,,101.53,,85.274,102.439,,91.27,,,,107.304,87.785,,,,,100.578,,106.533,,100.902,103.275,82.748,,93.064,98.707,81.091
2019-10-09,100.43,94.583,91.934,103.062,,75.152,,,,101.434,,85.274,102.383,,90.996,,,,106.52,87.871,,,94.225,,100.58,,106.311,,100.612,103.2,82.648,,92.834,98.599,81.098
2019-10-10,100.412,94.525,91.963,103.112,,75.104,,,,101.586,,84.863,102.381,,90.457,,,,106.216,87.634,,,95.25,,100.24,,105.835,,100.319,103.104,84.65,,93.197,98.51,81.188
2019-10-11,100.455,94.67,92.595,103.333,,74.767,,,,101.817,,85.177,102.499,,90.465,,,,106.52,88.38,,,,,100.507,,106.367,,100.617,103.042,85.863,,93.189,99.49,80.998
2019-10-14,,,,103.75,,,,,,101.909,,,,,,,,,,,,,,,,,,,,103.042,,,,,
2019-10-15,101.08,94.529,92.647,103.521,,74.356,,,,101.955,,84.892,102.494,,90.226,,,,106.502,88.598,,,94.775,,100.503,,106.362,,100.492,103.25,86.77,,93.228,100.247,80.507
2019-10-16,101.016,94.571,92.844,103.531,,73.816,,,,102.25,,84.935,102.497,,90.638,,,,106.867,88.738,,,,,100.674,,106.807,,100.892,103.325,86.629,,93.206,100.318,81.31
2019-10-17,100.921,94.56,92.934,103.65,,71.332,,,,102.125,,84.947,102.602,,90.567,,,,106.882,88.758,,,,,100.607,,106.884,,100.978,103.25,87.212,,93.164,100.58,76.576
2019-10-18,101.054,94.492,93.087,103.625,,65.367,,,,101.959,,85.076,102.617,,90.585,,,,107.346,88.993,,,95.0,,100.744,,107.012,,101.131,103.042,87.073,,93.235,100.639,71.128
2019-10-21,101.122,94.477,93.453,103.6,,65.502,,,,102.01,,85.036,102.653,,90.074,,,,106.746,89.535,,,,,100.702,,106.852,,101.263,103.25,87.092,,93.218,100.835,71.153
2019-10-22,101.36,94.609,94.394,103.65,,65.948,,,,102.188,,84.83,102.763,,90.269,,,,107.1,90.159,,,95.0,,101.035,,107.933,,101.907,103.219,87.049,,93.328,101.389,74.547
2019-10-23,101.59,94.521,94.234,103.688,,65.552,,,,102.157,,85.06,102.777,,90.107,,,,106.881,89.634,,,,,100.844,,108.418,,101.437,103.292,86.671,,93.298,101.223,72.715
2019-10-24,101.617,94.588,94.145,103.594,,65.68,,,,102.375,,85.06,102.77,,90.262,,,,107.042,89.502,,,95.0,,101.053,,107.145,,101.635,103.325,87.157,,93.265,101.156,72.686
2019-10-25,101.544,94.489,94.168,102.5,,65.521,,,,102.234,,85.018,102.777,,90.031,,,,106.868,89.131,,,94.75,,100.934,,106.942,,101.958,103.125,86.984,,93.126,101.094,72.949
2019-10-28,101.637,94.678,94.957,102.188,,65.566,,,,102.274,,84.95,102.779,,90.144,,,,107.041,89.339,,,,,101.027,,107.17,,101.6,103.426,87.424,,93.151,101.492,72.691
2019-10-29,101.656,94.714,94.776,101.875,,65.072,,,,102.355,,85.073,102.795,,90.191,,,,107.146,89.636,,,,,101.057,,107.225,,101.834,103.35,87.419,,93.201,101.987,72.782
2019-10-30,101.638,94.628,94.815,101.679,,64.994,,,,102.383,,85.073,102.802,,90.347,,,,107.537,89.717,,,94.77,,101.277,,107.736,,102.165,103.325,87.35,,93.29,101.81,70.54
2019-10-31,101.547,94.702,94.862,101.396,,62.473,,,,102.386,,84.891,102.965,,90.222,,,,107.485,89.798,,,96.1,,101.328,,107.666,,102.14,103.35,87.314,,93.08,101.955,68.086
2019-11-01,101.53,94.567,95.001,101.531,,58.694,,,,102.43,,85.073,103.033,,89.643,,,,107.094,89.656,,,94.801,,100.788,,108.347,,101.55,103.167,86.571,,92.574,101.788,61.44
2019-11-04,101.749,94.496,94.873,101.375,,56.78,,,,102.386,,84.932,102.99,,89.653,,,,107.141,89.85,,,,,100.876,,107.051,,101.549,103.387,86.004,,92.569,101.708,62.488
2019-11-05,101.746,94.512,95.109,101.458,,57.062,,,,102.336,,85.074,102.973,,89.727,,,,107.245,90.038,,,94.8,,101.221,,107.173,,101.76,103.39,85.575,,92.5,101.877,63.814
2019-11-06,101.734,94.527,95.221,101.411,,58.105,,,,102.474,,85.073,102.955,,89.764,,,,107.687,90.057,,,94.7,,101.218,,107.583,,102.182,103.304,85.471,,92.547,101.917,63.968
2019-11-07,101.77,94.425,95.239,101.477,,62.281,,,,102.44,,84.97,102.927,,89.607,,,,107.248,90.448,,,94.95,,101.262,,107.41,,102.203,103.304,85.508,,92.605,102.042,63.967
2019-11-08,101.736,94.365,95.543,101.6,,62.974,,,,102.416,,84.885,102.918,,89.556,,,,107.125,90.158,,,,,101.219,,107.163,,102.27,103.245,85.35,,92.579,102.097,63.756
2019-11-11,,,,101.594,,,,,,102.389,,,,,,,,,,,,,,,,,,,,103.325,,,,,
2019-11-12,101.736,94.435,95.266,101.438,,62.682,,,,102.387,,84.885,102.905,,89.636,,,,107.572,90.162,,,94.8,,101.37,,107.452,,102.359,103.364,85.53,,92.602,102.153,63.782
2019-11-13,101.709,94.354,95.268,101.333,,62.899,,,,102.387,,84.885,102.879,,89.469,,,,107.384,90.25,,,,,101.285,,107.405,,102.384,103.366,85.466,,92.604,101.942,63.945
2019-11-14,101.68,94.339,95.212,101.2,,62.881,,,,102.255,,84.885,102.858,,89.579,,,,107.63,90.258,,,94.5,,101.492,,107.602,,102.42,103.314,85.252,,92.63,102.04,64.924
2019-11-15,101.676,94.381,95.318,100.85,,63.722,,,,102.224,,84.885,102.839,,89.527,,,,107.616,90.404,,,,,101.363,,107.507,,102.409,103.274,85.265,,92.515,102.062,64.979
2019-11-18,101.919,94.363,95.244,100.667,,63.78,,,,102.221,,85.0,102.825,,89.746,,,,107.476,90.573,,,,,101.465,,107.849,,102.641,103.341,85.265,,92.426,102.083,65.058
2019-11-19,101.834,94.358,95.37,100.571,,63.853,,,,102.333,,78.362,102.833,,89.945,,,,107.535,90.482,,,,,101.505,,107.72,,102.504,103.463,85.164,,92.511,102.316,64.657
2019-11-20,101.518,94.375,95.438,100.429,,64.157,,,,102.293,,78.758,102.833,,89.647,,,,107.266,90.484,,,,,101.247,,107.424,,102.213,103.461,84.971,,92.564,102.24,65.681
2019-11-21,100.993,94.179,95.432,100.385,,63.978,,,,102.205,,78.679,102.803,,89.456,,,,107.157,90.581,,,93.375,,101.102,,107.791,,102.075,103.441,84.884,,92.535,102.12,65.137
2019-11-22,100.908,94.324,95.444,100.75,,64.005,,,,102.286,,77.773,102.789,,89.421,,,,107.104,90.381,,,94.375,,100.933,,107.161,,101.762,103.356,84.754,,92.598,102.102,64.971
2019-11-25,100.768,94.313,95.644,100.616,,63.993,,,,102.252,,77.777,102.791,,89.722,,,,107.359,90.302,,,,,101.12,,107.535,,102.058,103.427,84.682,,92.578,102.308,65.129
2019-11-26,100.546,94.316,95.626,100.634,,62.902,,,,102.224,,77.777,102.79,,89.584,,,,107.197,90.521,,,,,101.059,,107.393,,101.955,103.44,84.456,,92.564,102.387,64.837
2019-11-27,100.234,94.305,95.638,100.725,,62.779,,,,102.25,,77.404,102.772,,89.403,,,,106.954,90.356,,,95.794,,100.885,,107.127,,101.745,103.6,84.459,,92.538,102.325,65.089
2019-11-28,,,,100.797,,,,,,102.25,,,,,,,,,,,,,,,,,,,,103.5,,,,,
2019-11-29,98.284,94.379,95.772,101.25,,61.702,,,,102.208,,77.398,102.772,,89.628,,,,107.146,90.469,,,,,101.042,,107.193,,101.868,103.574,84.387,,92.544,102.668,56.845
2019-12-02,98.049,94.446,95.868,101.125,,52.331,,,,102.25,,77.444,102.775,,89.931,,,,107.403,90.512,,,,,101.186,,107.475,,101.89,103.671,84.05,,92.551,102.94,55.556
2019-12-03,98.215,94.366,95.843,100.875,,27.81,,,,102.25,,77.447,102.772,,89.488,,,,106.936,90.406,,,95.7,,101.098,,107.119,,101.883,103.61,84.194,,92.289,102.76,28.615
2019-12-04,98.515,94.372,95.511,101.112,,32.328,,,,102.203,,77.447,102.758,,88.958,,,,106.923,89.995,,,,,101.03,,107.086,,101.745,103.559,83.959,,92.14,102.624,33.088
2019-12-05,98.581,94.229,95.395,101.05,,31.625,,,,102.042,,77.446,102.739,,88.814,,,,107.097,89.835,,,,,101.119,,107.322,,101.911,103.418,84.044,,92.15,102.467,35.509
2019-12-06,98.299,94.154,95.307,100.958,,31.199,,,,101.917,,77.618,102.715,,88.514,,,,106.891,89.35,,,,,100.994,,107.078,,101.738,103.344,83.975,,92.158,102.254,35.489
2019-12-09,98.25,94.109,95.036,101.031,,29.497,,,,101.063,,77.607,102.692,,88.835,,,,107.107,88.97,,,95.4,,101.085,,107.301,,101.772,103.142,83.975,,92.172,102.191,33.67
2019-12-10,98.203,92.556,94.625,100.984,,29.323,,,,100.502,,77.604,102.675,,88.753,,,,106.885,89.456,,,97.2,,101.012,,107.067,,101.679,103.212,83.781,,92.158,102.127,33.653
2019-12-11,98.367,92.245,94.794,101.025,,28.165,,,,99.542,,77.632,102.666,,88.736,,,,107.321,88.667,,,95.875,,101.16,,107.739,,101.887,103.197,83.855,,91.856,102.539,31.418
2019-12-12,98.696,91.951,94.805,101.083,,28.349,,,,98.807,,77.636,102.639,,87.882,,,,106.277,89.21,,,96.25,,100.509,,106.085,,100.793,103.084,83.857,,91.478,102.417,31.208
2019-12-13,99.012,92.351,96.758,101.125,,27.431,,,,99.791,,77.186,102.656,,89.596,,,,107.557,89.888,,,,,101.477,,107.746,,101.826,102.967,83.857,,91.53,103.836,32.437
2019-12-16,99.182,93.249,97.092,101.388,,28.223,,,,99.991,,77.19,102.705,,89.142,,,,107.049,90.478,,,96.5,,101.241,,107.029,,101.815,103.19,83.857,,91.522,104.034,34.781
2019-12-17,99.254,92.588,97.346,101.413,,32.229,,,,99.875,,77.214,102.733,,89.509,,,,106.963,90.904,,,96.3,,101.363,,106.922,,102.215,103.113,83.986,,91.64,104.282,40.505
2019-12-18,99.772,92.643,97.98,101.798,,35.331,,,,100.085,,77.018,102.733,,89.391,,,,107.122,91.116,,,96.375,,101.42,,107.114,,102.408,103.067,84.041,,91.611,104.777,41.502
2019-12-19,99.479,92.447,98.014,101.785,,35.41,,,,99.958,,77.088,102.732,,89.56,,,,107.285,91.049,,,96.2,,101.573,,107.318,,102.284,103.064,84.041,,91.637,105.064,41.5
2019-12-20,99.456,92.731,98.13,101.853,,38.18,,,,100.024,,77.089,102.729,,89.519,,,,107.236,91.277,,,96.25,,101.637,,107.455,,102.238,102.921,84.21,,91.664,105.333,43.873
2019-12-23,99.526,92.716,98.155,102.063,,38.518,,,,100.042,,77.538,102.717,,89.469,,,,107.164,91.255,,,96.6,,101.59,,107.389,,102.173,103.058,84.059,,91.639,105.265,44.785
2019-12-24,99.438,92.759,98.204,102.062,,40.07,,,,100.042,,76.928,102.725,,89.586,,,,107.421,91.241,,,,,101.805,,107.567,,102.301,103.107,84.059,,91.667,105.312,44.909
2019-12-25,,,,102.019,,40.084,,,,100.125,,,,,,,,,,,,,,,,,,,,102.792,,,,,44.87
2019-12-26,99.326,92.894,98.261,102.063,,40.091,,,,100.042,,74.025,102.709,,89.603,,,,107.284,91.438,,,,,101.83,,107.384,,102.3,103.06,84.238,,91.533,105.312,44.881
2019-12-27,99.426,92.925,98.247,102.333,,38.633,,,,100.099,,73.962,102.736,,89.734,,,,107.435,91.42,,,97.52,,101.781,,107.541,,102.445,103.094,84.068,,91.675,105.378,44.905
2019-12-30,99.59,92.889,98.227,102.344,,36.719,,,,101.127,,74.075,102.779,,89.719,,,,107.402,91.391,,,,,101.928,,107.481,,102.423,103.073,84.063,,91.555,105.364,44.354
2019-12-31,99.476,92.882,98.416,102.375,,40.249,,,,101.127,,74.075,102.782,,89.546,,,,107.047,91.353,,,,,101.742,,107.151,,102.239,102.869,84.063,,91.556,105.211,44.498
2020-01-01,,,,102.4,,40.418,,,,,,,,,,,,,,,,,,,,,,,,,,,,,45.925
2020-01-02,99.572,92.932,99.249,102.594,,40.672,,,,100.811,,68.943,102.757,,89.748,,,,107.611,91.719,,,,,102.59,,107.665,,102.441,102.857,84.282,,91.796,106.016,44.464
2020-01-03,99.689,92.997,99.922,103.125,,41.013,,,,101.5,,68.975,102.75,,90.162,,,,107.815,91.797,,,97.33,,103.33,,107.844,,102.875,103.068,85.473,,92.104,106.863,44.451
2020-01-06,100.008,93.013,100.343,103.066,,40.496,,,,101.25,,68.767,102.752,,94.218,,,,107.731,92.605,,,96.75,,104.225,,107.658,,105.19,100.255,87.307,,92.366,106.63,43.996
2020-01-07,100.203,93.013,100.101,103.075,,40.5,104.349,,,101.417,,68.773,102.748,,94.474,,,,108.077,92.272,,,,,104.553,,109.212,,105.516,101.004,88.103,,92.35,106.587,43.956
2020-01-08,100.214,93.134,99.924,103.1,,40.591,,,,101.417,,68.786,102.744,,93.951,,,,107.372,92.306,,,96.875,,104.188,,107.315,,104.784,100.325,88.386,,92.215,106.078,43.862
2020-01-09,100.617,93.142,100.107,103.118,,39.996,,,,101.375,,68.805,102.722,,93.993,,,,107.886,92.361,,,98.95,,104.316,,107.839,,104.606,100.688,87.999,,92.142,106.227,44.311
2020-01-10,100.828,93.186,100.262,103.116,,39.841,,,,101.583,,69.252,102.722,100.72,94.128,,,,108.041,92.471,,,99.0,,104.277,,109.153,,104.729,100.856,87.867,,91.944,106.555,44.583
2020-01-13,101.047,94.294,100.911,103.281,,39.501,,,,101.417,,69.229,102.745,101.068,90.937,,,,107.906,92.496,,,98.55,,104.23,,108.945,,104.622,100.722,87.867,,91.987,106.53,43.699
2020-01-14,100.832,94.496,100.83,103.305,,39.901,,,,101.594,,69.208,102.747,101.162,92.109,,94.07,,108.045,92.738,,,,,104.308,,108.318,,104.739,101.214,88.32,,92.011,106.716,43.576
2020-01-15,100.687,94.702,100.81,103.241,,39.569,,,,101.583,,69.297,102.747,100.891,92.488,,95.346,,107.97,92.279,,,100.0,,104.308,,108.169,,104.558,100.758,87.823,,92.18,106.501,43.154
2020-01-16,100.779,95.062,101.093,103.3,,39.451,,,,101.625,,69.277,102.811,101.266,92.794,,94.46,100.267,107.843,93.341,,,99.3,,104.407,,109.346,,105.506,100.957,87.684,,92.406,106.13,43.026
2020-01-17,101.048,95.224,101.326,103.25,,38.163,,,,102.031,,,102.728,101.133,93.08,,94.297,99.922,108.03,93.393,,,99.6,,104.589,,108.114,,105.494,100.794,87.684,,92.531,106.784,42.305
2020-01-20,,,,103.313,,36.521,,,,101.708,,,,101.389,,,,99.919,,,,,,,,,,,,101.187,,,,,42.277
2020-01-21,101.019,95.235,101.458,102.375,,35.693,,,,101.844,,61.201,102.732,100.743,92.726,,94.76,99.96,108.336,92.223,,,99.6,,104.423,,108.35,,105.152,101.239,87.393,,92.387,106.316,40.681
2020-01-22,101.052,95.992,101.53,102.4,,34.86,,,,101.875,,61.201,102.726,100.743,92.094,100.966,94.6,100.168,108.26,92.178,,,100.3,,104.396,,108.315,,105.097,101.206,87.279,,92.38,106.441,40.3
2020-01-23,101.048,96.013,101.123,102.5,,36.168,,,,101.875,,61.201,102.706,100.772,92.589,100.8,94.532,100.264,108.025,91.529,,,99.5,,104.227,,108.144,,104.809,101.193,87.222,,92.655,106.088,40.814
2020-01-24,101.05,96.017,101.158,102.583,,36.512,,,,101.969,,61.201,102.703,100.816,92.83,101.272,94.719,100.294,108.459,91.706,,103.395,,,104.513,,108.546,,105.184,101.053,86.488,,92.71,106.276,39.161
2020-01-27,100.984,96.005,100.633,102.583,,35.51,,,,101.875,,62.532,102.701,100.816,92.516,100.882,94.656,100.281,108.145,91.673,,103.133,100.25,,104.302,,108.361,,104.842,101.202,87.174,,92.641,106.141,39.163
2020-01-28,100.782,95.975,100.729,102.583,,36.062,,,,101.969,,62.5,102.699,100.816,92.25,100.742,94.611,100.275,108.028,91.672,,102.97,100.25,,103.984,,108.041,,104.521,101.239,87.005,,92.368,106.11,39.168
2020-01-29,100.91,95.939,100.404,102.047,,34.52,,,,101.875,,61.201,102.709,100.052,91.695,100.714,94.238,100.36,108.247,90.121,,103.369,,,103.247,,108.226,,103.578,101.259,86.192,,92.254,104.702,39.028
2020-01-30,100.921,95.7,99.22,101.125,,34.521,,,,101.542,,61.202,102.668,99.399,90.418,100.277,94.395,100.39,107.251,87.815,,102.955,100.375,,102.353,,107.213,,102.445,101.207,85.456,,91.784,102.837,38.989
2020-01-31,101.006,95.686,99.332,101.438,,34.506,,,,101.542,,61.201,102.658,99.55,91.226,100.748,94.04,100.6,107.968,88.924,,103.989,,,103.32,,108.146,,103.431,101.136,85.175,,91.973,103.612,38.87
2020-02-03,100.875,92.437,99.011,101.302,,34.475,,,,100.917,,62.344,102.621,99.211,90.911,100.334,93.41,100.563,107.786,88.595,,103.368,100.5,,102.807,,107.599,,102.715,101.087,84.955,,91.715,102.943,37.583
2020-02-04,100.989,92.455,99.714,101.663,,34.494,,,,100.9,,60.0,102.612,99.749,91.516,100.701,93.293,100.533,107.546,89.759,,103.58,100.3,,103.233,,107.622,,102.764,100.869,84.634,,91.094,103.879,37.51
2020-02-05,101.103,92.467,100.551,102.281,,34.65,,,,101.333,,56.0,102.626,100.377,91.5,100.49,93.435,100.375,107.601,90.775,,103.52,,,103.813,,107.344,,104.291,100.982,84.647,,91.128,104.805,37.421
2020-02-06,101.332,91.733,100.901,102.458,,34.764,,,,101.333,,60.0,102.649,101.185,91.867,100.606,93.647,100.513,107.772,91.389,,103.772,100.75,,104.094,,107.926,,104.321,101.007,84.764,,91.091,105.491,37.919
2020-02-07,101.541,92.802,100.649,102.458,,34.449,,,,101.432,,60.0,102.64,101.112,91.852,100.716,93.691,100.559,107.823,90.778,,103.666,101.2,,103.867,,108.022,,103.831,100.957,84.972,,90.944,105.351,37.373
2020-02-10,101.727,92.778,101.021,102.375,,34.458,,,,101.45,,60.007,102.631,101.232,91.782,100.65,93.303,100.673,107.765,91.386,,104.033,,,103.6,,107.88,,103.543,101.165,84.453,,90.716,105.55,37.418
2020-02-11,101.736,92.002,101.058,102.431,,34.454,,,,101.5,,60.0,102.631,101.377,91.968,100.803,93.399,100.797,107.82,90.936,,103.956,103.05,,103.6,,107.956,,103.398,101.099,84.456,,89.229,105.169,37.713
2020-02-12,102.025,92.016,101.889,102.613,,34.494,,,,101.5,,60.0,102.626,101.574,92.285,101.052,93.353,100.912,107.805,91.785,,104.485,103.5,,103.808,,107.852,,103.572,100.953,84.456,,86.407,105.985,37.805
2020-02-13,101.89,92.065,101.815,102.688,,34.165,,,,101.5,,60.0,102.603,101.702,92.304,100.971,93.282,100.953,107.742,91.727,,103.679,103.0,,103.751,,108.05,,103.509,100.956,84.63,,86.005,106.017,37.965
2020-02-14,101.828,92.07,101.844,102.973,,34.593,,,,101.417,,60.0,102.598,101.984,92.426,101.186,93.181,100.996,107.888,92.472,,103.908,103.5,,103.846,,108.014,,103.816,100.917,84.48,,88.93,106.201,37.664
2020-02-17,,,,103.031,,33.688,,,,101.417,,,,102.42,,,,101.088,,,,,,,,,,,,100.875,,,,,37.771
2020-02-18,101.821,92.092,101.809,103.178,,33.69,,,,101.417,,59.976,102.589,102.566,92.668,101.297,93.222,101.109,107.788,92.325,,104.007,103.375,,103.734,,107.992,,103.735,100.844,84.577,,88.676,106.171,37.848
2020-02-19,101.814,92.116,102.039,103.253,,28.681,,,,101.195,,60.0,102.585,102.893,92.781,101.475,93.458,101.144,108.398,92.004,,104.105,103.375,,103.838,,109.558,,103.746,101.063,85.345,,88.903,105.984,31.566
2020-02-20,101.634,92.77,102.13,103.475,,30.476,,,,101.333,,55.718,102.566,102.889,93.085,101.92,93.515,101.231,108.546,91.934,,104.244,103.75,,103.957,,109.979,,104.041,101.147,87.354,,89.14,106.101,30.825
2020-02-21,101.498,92.795,102.015,103.563,,21.263,,,,101.273,,55.718,102.557,102.67,92.955,101.902,93.612,101.531,108.577,91.777,,104.47,104.5,,103.855,,109.714,,103.835,100.874,87.756,,89.0,105.685,23.012
2020-02-24,101.367,92.837,101.47,103.208,,21.655,,,,101.333,,55.718,102.547,102.317,92.096,101.64,93.375,101.471,108.303,90.747,,104.012,,,103.238,,109.417,,102.942,101.137,87.192,,88.202,105.03,23.576
2020-02-25,101.371,92.873,101.373,103.208,,21.005,,,,101.333,,54.0,102.536,102.266,92.129,102.18,93.401,101.442,108.491,90.555,,104.481,103.0,,103.148,,110.167,,102.962,100.908,87.661,,88.581,104.999,23.169
2020-02-26,101.024,93.037,101.027,103.075,,21.261,,,,100.816,,54.0,102.505,102.18,91.607,101.631,93.281,101.298,108.37,89.958,,104.436,100.937,,101.884,,109.67,,100.838,101.688,87.744,,87.645,104.647,23.38
2020-02-27,100.719,92.554,100.712,102.844,,21.242,,,,100.208,,54.0,102.442,101.868,90.683,101.153,93.073,101.102,107.407,89.701,,104.241,,,100.765,,108.964,,99.976,101.754,86.193,,86.374,104.451,23.458
2020-02-28,99.658,92.714,99.656,101.958,,21.244,,,,100.033,,54.0,102.425,101.75,88.705,100.368,92.029,100.84,106.799,88.05,,103.648,98.0,,98.328,,106.713,,97.544,101.73,82.945,,85.031,103.122,23.502
2020-03-02,99.652,92.776,99.509,102.1,,21.269,,,,100.3,,54.0,102.348,101.708,88.255,98.265,92.33,100.707,105.944,89.043,,101.539,98.155,,97.877,,105.506,,97.265,101.722,82.312,,84.009,103.216,23.502
2020-03-03,100.141,92.772,100.165,102.406,,21.342,,,,99.427,,54.0,102.335,102.17,90.088,99.472,92.072,100.4,107.507,89.671,,103.66,98.5,,99.802,,107.908,,99.619,101.696,82.6,,83.97,104.672,23.503
2020-03-04,100.311,92.793,99.911,102.583,,21.344,,,,99.803,,54.0,102.314,102.218,88.748,97.599,92.434,100.227,106.385,90.106,,102.744,,,99.456,,106.967,,98.988,101.607,82.67,,83.458,104.592,23.492
2020-03-05,100.632,92.82,99.944,102.958,,21.346,,,,99.617,,54.0,102.297,102.508,90.732,97.124,92.295,100.228,107.244,90.361,,102.978,100.125,,99.898,,108.529,,98.724,101.624,82.813,,83.349,105.026,23.492
2020-03-06,99.821,91.761,99.038,103.042,,21.355,102.5,,,99.796,,54.0,102.276,102.161,89.072,85.226,92.196,100.167,106.051,89.666,,102.657,98.875,,98.329,,106.584,,97.82,101.689,81.916,,83.115,104.294,23.356
2020-03-09,97.565,90.147,96.963,101.875,,21.349,,,,95.35,,54.0,102.25,101.218,84.844,80.15,92.196,99.708,104.39,84.437,,103.412,,,70.352,,102.442,,74.31,99.97,71.286,,79.415,99.327,23.346
2020-03-10,97.39,89.437,96.981,101.844,,21.474,,,,,,54.0,102.223,101.243,84.561,81.802,92.196,97.664,103.01,86.125,,99.649,,,79.349,,102.361,,76.235,95.143,71.712,,78.884,101.15,23.369
2020-03-11,97.141,89.51,96.216,101.781,,22.381,,,,,,54.0,102.203,100.774,83.262,79.25,74.789,96.081,102.313,85.728,,98.228,93.725,,85.341,,101.854,,76.932,96.705,70.215,,77.997,100.883,23.294
2020-03-12,92.453,89.072,93.262,99.417,,22.585,,,,,,54.0,102.138,99.962,81.125,79.239,74.789,95.274,102.542,80.986,,94.305,,,81.874,,97.356,,73.275,93.11,70.271,,76.32,97.68,23.292
2020-03-13,90.733,89.054,90.781,97.497,,22.521,,,,,,54.0,102.103,97.25,77.667,79.239,74.788,94.608,98.325,76.087,,93.712,86.0,,75.875,,92.681,,73.275,92.188,67.129,,76.326,93.12,23.083
2020-03-16,89.519,89.067,90.517,91.636,,22.478,,,,,,54.0,101.871,93.258,77.667,79.239,74.777,92.964,99.406,75.889,,94.505,,,75.875,,93.961,,65.104,91.355,65.2,,76.924,90.373,23.033
2020-03-17,89.513,89.069,89.782,89.175,,22.367,,,,,,54.0,95.125,88.56,77.667,79.237,74.777,90.362,98.314,73.619,,93.715,82.5,,75.875,,92.674,,65.5,90.067,65.2,,76.749,89.895,23.047
2020-03-18,88.785,89.064,89.365,88.949,,22.347,,,,,,54.0,94.454,88.703,77.667,79.229,74.777,89.357,98.087,68.856,,93.667,,,75.875,,89.138,,65.5,91.333,65.2,,76.637,89.706,23.006
2020-03-19,80.054,87.702,88.992,87.891,,22.026,,,,,,54.0,94.301,86.0,77.667,79.229,74.777,88.696,81.559,68.737,,93.911,64.0,,60.92,,82.642,,64.671,90.752,65.2,,76.637,89.561,22.993
2020-03-20,78.561,87.727,88.232,,,22.327,,,,67.51,,54.0,93.839,85.0,77.667,79.229,74.777,88.124,82.247,68.463,,94.569,,,60.92,,83.852,,63.484,90.669,65.198,,76.637,89.548,23.004
2020-03-23,78.11,87.741,87.371,87.364,,22.327,,,,67.5,,54.0,93.685,86.321,77.667,79.229,74.504,87.425,82.567,68.444,,94.768,74.0,,60.92,,84.518,,62.135,90.99,65.198,,76.524,74.019,23.004
2020-03-24,72.636,87.736,75.363,83.651,,21.935,,,,,,54.0,93.367,86.179,77.667,79.229,74.144,86.8,82.188,68.45,,89.361,82.5,,60.92,,89.018,,60.518,90.997,65.14,,74.175,74.226,23.006
2020-03-25,75.706,87.618,75.59,86.635,,21.335,,,,,,54.0,94.025,85.779,77.667,79.229,74.12,82.969,82.116,68.332,,88.19,79.9,,60.92,,82.396,,58.624,91.018,65.071,,74.104,74.269,23.007
2020-03-26,76.843,86.335,76.073,87.534,,21.337,,,75.993,67.0,,54.0,94.608,83.376,77.667,79.217,74.12,83.366,83.059,68.377,,88.014,,,60.92,,82.602,,56.511,91.067,65.196,,74.055,74.448,23.022
2020-03-27,72.321,84.484,76.292,90.015,,21.345,,,76.07,67.0,,54.0,94.741,83.861,77.667,79.217,74.115,80.32,88.426,76.995,,88.257,,,60.92,,83.374,,54.111,91.02,65.196,,73.999,74.54,23.012
2020-03-30,62.301,79.899,84.82,88.614,,21.353,,,75.989,,,54.0,94.943,83.455,77.667,79.217,74.102,80.023,88.381,77.221,,88.027,74.97,,60.629,,82.388,,50.52,87.585,65.196,,73.933,74.602,22.969
2020-03-31,60.617,78.619,84.751,,,21.414,83.375,,76.03,,,54.0,94.988,83.671,77.667,,74.102,78.413,88.479,74.174,,88.119,75.5,,60.629,,82.537,,50.169,90.996,65.182,,73.92,74.852,22.959
2020-04-01,60.022,78.344,84.586,90.957,,21.431,,,76.045,,,54.0,95.009,83.856,76.099,,74.102,78.942,82.204,73.757,,87.915,76.75,,60.629,,82.34,,50.169,,65.162,,73.904,75.068,22.652
2020-04-02,60.686,78.366,82.757,90.957,,21.557,,,76.08,,,54.0,95.074,83.821,69.211,,74.102,78.921,82.243,73.73,,87.913,,,57.149,,81.902,,50.641,,63.073,,73.525,92.49,22.653
2020-04-03,60.188,46.02,84.455,91.023,,21.558,,,76.094,,,54.0,95.121,84.125,62.341,,74.102,78.54,82.244,73.708,,87.85,,,57.149,,81.934,,51.667,90.785,58.211,,72.725,92.826,22.588
2020-04-06,59.907,46.836,84.37,90.461,,21.558,,,76.14,,,54.0,95.392,84.341,61.539,,74.102,77.773,86.196,72.539,,87.38,,,57.149,,76.652,,54.195,90.783,58.142,,71.834,93.583,22.587
2020-04-07,59.036,46.958,84.443,90.559,,21.557,,,76.183,,,54.0,95.503,84.243,61.539,,74.102,77.875,86.039,72.494,,85.111,,,57.149,,82.544,,58.164,90.821,58.136,,71.827,94.06,22.588
2020-04-08,59.322,48.99,84.967,90.941,,21.558,,,76.305,,,54.0,95.567,84.229,61.539,,74.102,78.842,88.566,72.622,,85.035,81.0,,57.149,,82.227,,58.164,90.857,58.136,,71.822,94.141,22.569
2020-04-09,61.548,49.584,84.971,92.319,,21.584,,,76.562,,,54.0,95.732,85.432,61.539,,74.102,78.392,88.75,72.707,,85.069,,,57.149,,84.694,,58.164,90.862,58.136,,71.822,94.183,22.604
2020-04-10,,,,,,,,,,,,,,84.873,,,,,,,,,,,,,,,,,,,,,
2020-04-13,63.613,50.532,84.98,,,21.5,,,77.253,,,54.078,95.741,85.475,61.539,,74.102,78.392,88.616,72.961,,84.805,86.75,,57.149,,84.512,,58.164,90.624,58.12,,71.822,94.225,22.603
2020-04-14,65.765,50.552,92.802,94.598,,21.513,,,85.528,,,54.0,95.771,86.803,61.539,,74.102,79.755,90.387,81.998,,79.334,,,71.579,,89.311,,60.857,90.794,57.099,,60.534,99.017,22.638
2020-04-15,65.693,50.553,94.655,94.924,,21.674,,,87.632,,,54.0,95.868,88.795,69.244,,74.102,79.25,90.853,83.941,,80.048,,,72.154,,91.639,,65.895,90.808,57.099,,60.534,99.082,22.637
2020-04-16,65.597,50.552,94.127,94.947,,22.214,,,87.714,,,54.0,100.701,88.693,68.954,33.222,,83.5,89.719,83.306,,82.5,,,65.25,,90.3,,66.293,90.999,57.71,,60.537,99.152,22.598
2020-04-17,65.789,50.75,94.178,95.185,,21.673000000000002,,,88.02,67.317,,54.0,100.695,90.257,69.763,30.619,,87.583,89.732,83.368,,83.649,,,65.25,,90.271,,67.499,91.289,57.221,,62.549,100.028,22.818
2020-04-20,65.57,51.61,95.33,95.875,,21.655,,,89.863,67.317,,54.0,100.696,91.627,73.114,29.407,,89.083,91.837,83.384,,82.423,,,67.153,,92.308,,65.984,91.48,57.217,,61.312,100.021,22.816
2020-04-21,64.976,52.834,95.313,95.643,,21.777,,,89.58,67.317,,54.0,100.7,90.999,73.114,29.103,,86.839,91.946,80.528,,82.423,85.0,,61.961,,92.494,,60.621,91.102,57.217,,61.316,100.052,22.539
2020-04-22,63.497,54.342,92.009,95.154,,21.658,,,84.4,,,54.0,100.692,90.771,69.618,29.103,,86.631,91.869,78.342,,82.396,,,61.961,,92.359,,60.705,91.1,54.849,,61.316,96.603,22.655
2020-04-23,63.681,55.664,91.934,95.202,,21.658,,,84.328,,,54.0,100.683,91.118,69.504,25.207,,86.631,91.934,77.624,,81.885,,,61.446,,91.476,,62.369,91.047,53.037,,61.448,96.729,22.655
2020-04-24,63.156,56.956,92.088,95.329,,21.646,,,84.477,,,54.0,100.654,91.153,69.828,24.794,,86.583,91.942,77.963,,81.886,,,62.065,,90.524,,61.896,91.155,54.624,,61.273,97.013,22.655
2020-04-27,61.683,58.731,92.493,95.679,,20.866,,,84.873,,,44.543,100.659,91.949,68.596,26.525,,86.61,89.647,78.571,,81.666,,,63.197,,90.306,,62.839,91.054,54.624,,61.04,97.01,22.654
2020-04-28,61.25,63.839,92.681,95.74,,21.717,,,84.997,,,44.528,100.715,91.927,69.112,25.172,,86.264,89.074,78.969,,81.17,,,63.094,,88.704,,62.541,91.148,52.614,,,97.982,22.647
2020-04-29,60.483,63.578,92.698,96.061,,22.052,,,85.013,,,44.098,100.751,91.79,69.112,24.968,,86.586,89.094,79.813,,81.17,90.95,,63.094,,87.549,,62.541,91.012,52.614,,,98.199,22.646
2020-04-30,60.081,62.789,93.08,,,21.733,,,85.761,,,44.073,100.758,91.792,69.278,25.657,,86.61,88.943,81.775,,81.17,,,63.094,,87.725,,62.541,90.289,52.242,,,98.651,22.646
2020-05-01,60.288,61.356,93.226,,,22.048,,,85.703,,,44.056,100.799,92.143,69.184,26.105,,86.583,88.743,81.974,,81.037,,,63.026,,87.84,,61.812,91.511,52.458,,,98.723,22.644
2020-05-04,59.348,61.072,92.884,95.91,,22.209,,,85.192,,,44.096,100.78,91.685,69.261,26.105,,86.667,88.709,79.715,,81.151,87.88,,63.026,,86.255,,61.812,91.44,52.539,,,98.31,22.524
2020-05-05,57.56,61.952,92.8,95.927,,22.076,,,85.202,,,44.245,100.804,91.667,70.123,27.75,,86.667,88.64,80.013,,81.667,,,63.026,,87.197,,65.25,90.79,53.107,,,98.184,22.481
2020-05-06,55.964,61.952,93.152,95.927,,21.716,,,86.004,,,44.241,101.245,91.873,69.595,29.272,,86.242,89.127,81.197,,81.633,,,69.177,,87.631,,68.817,91.112,52.008,,,98.504,22.537
2020-05-07,55.0,61.952,93.421,95.946,,21.719,,,86.346,,,44.241,101.206,92.781,69.707,29.283,,86.242,86.215,83.36,,81.673,,,68.437,,84.825,,68.085,91.156,51.122,,,98.822,22.526
2020-05-08,54.325,60.725,93.866,96.172,,21.72,,,86.733,,,44.247,101.175,93.75,69.635,29.345,,86.233,86.241,83.779,,81.795,93.42,,69.34,,85.671,,68.332,91.361,51.121,,,99.564,22.526
2020-05-11,53.498,58.27,95.624,96.431,,22.049,,,88.996,,,44.241,101.202,94.875,69.733,36.625,,85.886,87.772,85.388,,81.698,90.55,,70.01,,85.883,,68.87,90.62,51.131,,,100.705,22.514
2020-05-12,53.052,58.27,95.81,96.559,,21.728,,,89.38,,,44.241,101.174,96.764,69.733,36.167,,85.886,87.853,85.744,,82.277,92.0,,71.5,,87.6,,69.646,88.409,51.14,,,101.119,22.498
2020-05-13,51.856,58.27,95.353,96.569,,21.66,,,89.079,,,41.666,101.176,96.25,69.733,36.0,,85.886,87.887,85.693,,82.572,93.75,,73.212,,88.394,,69.879,88.491,55.306,,,101.195,22.598
2020-05-14,50.168,58.27,95.35,96.478,,22.252,,,88.531,,,41.666,101.213,96.083,69.733,36.0,,86.165,87.98,84.559,,82.559,,,73.212,,88.804,,69.879,88.533,55.304,,,100.799,22.85
2020-05-15,48.987,65.0,95.202,96.327,,22.248,,,88.539,,,40.982,101.215,96.225,69.45,33.847,,86.255,89.427,84.509,,82.489,,,76.624,,88.641,,73.387,88.971,55.304,,,100.786,22.813
2020-05-18,48.959,65.0,94.945,96.659,,22.25,,,88.186,,,40.954,101.217,96.556,70.125,33.95,,86.048,90.814,83.043,,82.488,,,77.72,,88.97,,75.113,88.982,55.3,,,100.596,23.992
2020-05-19,52.8,65.0,95.974,96.725,,22.099,,,89.01,,,40.957,101.228,97.265,73.05,33.401,,86.053,91.017,83.985,,82.491,,,84.097,,91.083,,82.991,89.228,55.221,,,101.265,23.992
2020-05-20,59.118,65.0,96.022,96.736,,22.098,,,89.095,,,51.0,101.236,97.265,73.05,33.667,,87.698,93.304,84.32,,82.491,94.0,,84.097,,91.108,,83.688,85.636,55.221,,,101.266,22.674
2020-05-21,60.404,65.0,96.298,96.843,,22.1,,,89.126,40.613,,51.0,101.268,97.25,75.406,33.895,,86.719,93.893,85.288,,82.492,95.875,,87.779,,93.118,,83.688,90.019,55.222,,,101.469,22.326
2020-05-22,59.134,66.781,96.28,96.693,,22.1,,,89.12,40.34,,51.0,101.269,96.916,75.406,33.895,,86.886,93.895,85.283,,82.495,,,87.779,,93.122,,83.688,87.969,55.222,,,101.46,22.524
2020-05-25,,,,96.659,,,,,,,,,,96.5,,,,86.903,,,,,,,,,,,,,,,,,
2020-05-26,57.115,67.178,96.247,96.529,,22.094,,,89.117,40.068,,51.0,101.277,96.5,75.217,33.895,,89.811,94.572,83.479,,87.364,95.75,,84.757,,92.937,,83.921,87.864,55.228,,,101.434,22.511
2020-05-27,57.13,66.782,94.33,96.498,,22.094,,,88.298,36.331,,51.0,101.288,96.594,75.757,34.1,,89.831,95.128,83.237,,89.794,,,85.148,,93.294,,83.774,,55.997,,,100.628,22.879
2020-05-28,57.183,66.782,94.06,96.918,,22.096,,,88.22,34.552,,51.0,101.297,96.531,75.757,34.139,,89.894,94.263,83.259,,89.794,,,85.148,,92.849,,84.318,,56.007,,,100.632,22.884
2020-05-29,57.182,66.782,93.824,97.429,,22.097,,,87.814,33.518,,51.0,101.299,96.417,76.457,35.301,,91.5,95.715,82.594,,90.613,,,85.483,,93.06,,84.998,,56.065,,,99.796,23.677
2020-06-01,56.497,,93.416,97.495,,22.098,,,88.658,32.704,,51.0,101.311,96.708,76.551,34.358,,91.59,94.858,83.036,,90.649,,,85.483,,93.281,,86.65,,56.169,,,99.849,23.765
2020-06-02,56.851,,95.09,97.759,,22.094,,,89.417,32.973,,39.591,101.323,96.708,76.974,34.358,,91.48,95.235,83.262,,90.632,,,90.309,,93.173,,88.85,,56.187,,,99.85,22.871
2020-06-03,59.388,,96.311,97.682,,22.286,,,92.301,35.471,,39.588,101.353,96.875,83.142,34.358,,94.214,95.007,85.394,,90.492,,,94.891,,92.832,,92.316,,64.0,,,100.981,23.267
2020-06-04,63.939,76.302,96.428,98.246,,22.286,,,92.31,35.921,,39.555,101.36,97.125,83.65,34.603,,95.417,95.696,85.679,,93.205,,,,,93.864,,92.91,,66.504,,,100.645,22.972
2020-06-05,64.527,76.302,97.577,98.484,,22.286,,,92.351,38.804,,39.553,101.389,97.667,85.053,45.947,,96.084,96.067,85.515,,92.98,96.5,,,,94.728,,94.263,,68.958,,,101.299,23.924
2020-06-08,67.577,76.023,98.597,98.849,,22.213,,,94.263,38.568,,40.591,101.396,98.219,88.576,49.279,,97.75,98.02,87.349,,95.251,,,,,97.571,,98.285,,71.828,,64.49,102.351,23.897
2020-06-09,70.994,76.039,98.073,99.184,,22.165,,,94.238,40.191,,40.534,101.406,98.292,88.576,48.579,,97.75,98.238,85.926,,95.513,,,,,97.396,,95.892,89.216,71.491,,70.0,102.34,22.836
2020-06-10,69.439,76.037,98.037,99.274,,22.167,,,93.891,40.341,,40.612,101.426,98.458,86.631,49.625,,96.55,98.626,85.978,,97.152,95.875,,,,97.932,,96.22,89.973,70.191,,69.052,102.477,22.624
2020-06-11,67.961,76.039,98.023,99.307,,22.164,,,93.824,39.51,,40.795,101.45,98.375,86.631,50.771,,97.667,96.717,85.852,,95.5,,,,,97.904,,91.373,89.745,70.191,,69.052,102.437,22.469
2020-06-12,64.737,76.035,97.289,99.039,,22.165,,,91.52,37.483,,40.938,101.455,97.917,82.821,59.85,,96.284,97.907,85.835,,95.48,,,90.597,,96.929,,90.307,90.164,70.191,100.092,68.503,102.448,22.941
2020-06-15,63.605,74.318,96.828,98.918,,22.166,,,91.454,38.966,,41.313,101.452,98.042,82.31,57.652,,96.175,97.18,84.206,,95.438,,,90.574,,95.726,,89.195,90.166,70.191,99.819,68.498,101.583,29.27
2020-06-16,65.971,74.328,97.673,98.931,,22.167,97.65,,91.542,38.277,,41.419,101.416,98.375,83.368,60.694,,96.435,97.872,84.68,,95.437,,,90.14,,96.689,,90.479,89.318,70.181,100.008,67.699,102.017,22.923000000000002
2020-06-17,66.665,75.151,98.632,98.918,,22.16,98.5,,92.369,31.127,,41.531,101.437,98.458,85.14,60.603,,97.05,97.399,84.981,,95.483,,,93.779,,96.835,,94.014,89.375,70.892,100.116,68.643,102.042,22.76
2020-06-18,66.782,74.48,98.436,98.834,99.865,22.419,,,92.096,31.5,,41.746,101.457,98.542,85.049,60.46,,96.133,97.678,84.842,,95.529,,,93.157,,96.765,,93.136,89.585,69.482,100.396,69.233,102.056,29.25
2020-06-19,66.771,74.471,98.449,98.881,100.3,22.158,,,92.144,34.15,,41.84,101.463,99.25,84.959,60.46,,96.346,98.038,85.139,,95.296,,,93.497,,96.637,,93.314,89.585,69.476,100.708,69.326,102.389,29.25
2020-06-22,70.385,74.472,99.475,98.922,99.89,22.159,,,93.219,36.488,,42.116,101.473,99.25,83.894,67.042,,96.492,98.156,85.177,,97.508,,,93.551,,97.275,,93.549,89.787,68.641,100.583,69.326,102.399,29.25
2020-06-23,70.096,74.488,99.498,98.922,100.125,22.156,,,93.469,37.894,,42.338,101.482,99.792,82.864,66.552,,96.492,99.201,85.186,,97.525,,,94.63,,97.722,,95.376,89.65,68.65,100.917,69.166,102.814,29.25
2020-06-24,70.041,74.488,99.51,98.922,99.7,22.249,,,93.305,37.688,,42.471,101.508,99.958,82.864,66.687,,96.492,99.287,84.32,,97.569,,,94.898,,99.203,,95.441,90.518,68.501,100.979,69.331,102.827,29.25
2020-06-25,69.998,74.488,99.559,,99.75,22.248,,,93.311,,,42.619,101.553,99.875,82.604,66.526,,97.806,99.249,84.389,101.821,97.542,,,94.441,,99.156,,95.411,90.108,68.498,100.934,69.395,102.738,29.25
2020-06-26,69.946,72.762,99.54,99.236,99.8,22.167,,,93.277,37.972,,42.872,101.552,99.75,82.604,65.602,,96.49,98.378,84.376,101.833,96.351,94.75,,94.535,,99.433,,94.385,90.011,68.498,100.828,69.47,102.664,29.212
2020-06-29,69.823,72.762,99.53,98.961,99.742,22.42,,,92.354,38.117,,28.266,101.546,99.875,79.808,64.915,,97.887,97.859,83.083,101.583,94.774,94.0,,92.995,,97.599,,92.821,90.011,68.482,100.469,70.845,102.602,27.765
2020-06-30,70.27,71.895,99.01,99.069,100.05,22.105,,,92.056,38.209,,28.264,101.531,99.875,79.554,67.349,,97.497,97.372,82.57,101.367,94.736,93.25,,93.179,,97.441,,92.572,90.694,68.477,100.688,68.943,102.177,27.198
2020-07-01,70.22,71.895,99.146,99.073,100.35,22.105,,,92.031,38.629,,28.281,101.524,99.75,79.4,71.637,,96.568,97.457,82.574,101.367,94.67,,,93.226,,96.09,,92.502,90.52,68.467,100.708,68.846,102.14,27.541
2020-07-02,70.871,75.552,99.136,99.059,101.0,22.105,,,92.403,37.939,,28.722,101.521,100.612,80.728,70.7,,97.402,97.353,84.126,101.708,94.733,,,93.177,,96.928,,92.562,90.004,68.569,101.417,68.943,102.391,27.378
2020-07-03,,,,99.068,,,,,,38.308,,,,100.958,,,,96.859,,,101.958,,,,,,,,,90.24,,101.583,,,
2020-07-06,73.976,75.994,99.248,99.144,101.225,22.223,,,92.443,38.609,,28.266,101.529,101.375,80.734,68.5,,97.625,97.681,86.071,102.062,97.281,,,95.175,,97.093,,95.37,89.857,68.726,101.875,68.636,103.332,26.716
2020-07-07,76.586,79.403,100.368,99.332,100.77,17.354,,,92.505,38.609,,28.268,101.561,101.625,81.054,68.476,,97.887,97.794,86.533,102.104,97.344,93.5,,95.227,,96.684,,95.574,89.928,68.672,101.958,72.0,103.353,26.7
2020-07-08,76.395,79.899,100.415,99.332,100.68,17.355,,,94.43,38.791,,28.281,101.583,101.792,81.054,67.109,,97.937,95.689,86.453,102.25,96.681,94.53,,95.187,,96.694,,95.183,89.692,68.667,101.875,71.124,103.332,26.699
2020-07-09,76.542,80.669,100.419,99.31,99.875,17.338,,,94.385,39.432,,28.302,101.613,101.958,80.014,67.067,,97.937,95.626,86.422,102.25,96.728,95.25,99.238,95.227,,97.043,,95.262,90.175,69.498,101.812,71.124,103.349,26.752
2020-07-10,75.459,80.025,100.007,99.733,99.44,17.318,,,94.309,40.114,,27.717,101.516,102.042,79.075,63.856,,97.898,95.461,85.794,102.458,96.648,96.0,99.146,94.232,,96.443,,95.153,90.465,69.448,101.708,71.012,103.308,26.753
2020-07-13,75.061,80.231,100.158,100.047,99.7,18.643,,,93.119,40.554,,27.484,101.519,102.0,75.967,63.835,,97.634,96.294,85.898,102.438,96.729,96.0,98.981,93.139,,96.78,,93.403,89.827,69.446,101.792,71.012,103.296,26.874
2020-07-14,73.519,80.547,100.141,100.072,,18.62,,,93.048,40.182,,27.501,101.512,101.906,77.5,60.908,,97.7,96.275,85.865,102.5,97.166,,98.815,92.539,,96.757,,92.532,89.85,69.373,101.594,70.626,103.278,26.763
2020-07-15,73.017,81.094,100.124,100.132,100.125,18.605,,,92.428,40.432,100.477,27.516,101.525,101.833,78.691,60.495,,97.044,95.757,85.916,102.75,97.161,,98.798,93.349,,96.723,,93.193,89.893,65.804,101.667,70.741,103.247,26.753
2020-07-16,72.407,81.698,99.848,100.157,100.28,16.143,,,92.41,40.366,100.495,27.767,101.512,101.969,79.341,58.519,,97.173,95.761,86.683,102.917,97.435,,98.827,93.476,,96.857,100.333,93.849,89.893,65.785,101.667,70.641,103.259,26.766
2020-07-17,72.42,82.661,99.843,100.208,,16.144,,,92.45,40.627,100.474,27.714,101.521,102.15,79.29,58.58,,97.775,95.718,86.712,102.917,97.407,96.25,99.092,93.596,,96.772,100.521,94.458,89.395,65.778,101.792,71.413,103.23,26.754
2020-07-20,72.856,83.487,99.866,100.181,101.363,16.147,,,92.542,40.879,100.507,27.714,101.516,102.167,80.191,65.667,,97.577,95.795,86.714,103.125,97.451,,99.202,93.716,,96.74,100.438,94.517,90.091,65.767,101.958,71.409,103.063,26.757
2020-07-21,75.741,83.06,99.887,100.45,102.075,16.143,,90.991,93.46,40.81,101.07,27.654,101.562,102.531,81.348,62.786,,97.384,95.945,86.741,103.516,97.492,,99.487,93.754,,97.02,100.988,96.633,90.091,65.76,102.167,71.034,103.599,26.786
2020-07-22,77.467,83.032,100.334,100.244,101.84,16.145,,91.228,93.533,40.81,101.021,27.714,101.558,102.875,81.854,62.776,,96.888,96.027,87.442,103.675,97.464,,99.738,95.653,,97.032,100.988,97.149,89.893,65.756,102.25,71.555,103.733,26.774
2020-07-23,77.641,85.952,100.636,100.456,102.57,16.147,,92.908,93.572,41.512,101.213,27.714,101.58,103.083,81.854,53.4,,96.866,96.011,88.355,103.969,97.482,,100.187,95.671,,97.093,100.988,98.371,90.174,65.755,102.667,74.0,102.708,26.776
2020-07-24,77.191,85.952,100.547,100.833,,16.143,,92.908,94.041,41.512,101.233,30.709,101.614,103.083,83.624,53.4,,97.287,95.981,88.365,103.875,97.469,,100.229,95.661,,97.028,100.975,98.349,90.174,65.755,102.458,75.328,104.148,26.767
2020-07-27,77.059,87.026,100.531,101.095,101.625,16.143,,93.026,93.452,41.57,101.263,37.185,101.612,103.0,83.424,59.521,,96.942,96.655,88.373,103.7,98.242,99.25,100.095,96.427,,97.084,101.375,98.178,90.174,65.743,102.417,75.462,103.958,26.769
2020-07-28,78.667,87.026,100.533,101.087,,16.143,100.25,92.685,93.479,41.512,101.941,37.331,101.614,103.0,83.615,61.578,,96.715,96.591,88.415,103.417,98.312,,100.009,96.485,,97.768,101.5,98.354,90.252,65.62,102.417,75.502,103.978,26.766
2020-07-29,78.757,87.279,100.555,101.087,101.125,16.148,,92.594,93.681,41.935,101.399,37.37,101.61,103.031,83.788,62.514,,96.671,97.799,88.45,103.314,97.792,98.7,100.131,97.434,,98.253,101.917,98.707,90.368,65.505,102.55,75.063,104.004,26.766
2020-07-30,80.289,87.279,100.759,101.095,101.225,16.143,,92.594,93.581,42.198,101.26,37.416,101.615,103.042,84.202,62.875,,96.76,97.917,88.51,103.127,98.512,,100.058,97.507,,98.423,101.75,98.917,90.037,65.643,102.469,73.788,104.049,26.765
2020-07-31,80.172,87.279,100.756,101.267,101.48,16.145,,92.594,93.581,42.191,101.882,37.445,101.608,103.25,84.202,65.008,,96.818,98.039,88.39,103.168,98.41,,100.013,97.862,,98.569,101.75,99.116,90.219,65.605,102.583,73.792,104.116,26.765
2020-08-03,80.445,87.279,100.753,101.223,101.319,16.146,,93.334,93.594,42.191,102.152,37.52,101.618,103.333,84.202,66.035,,96.182,97.948,88.507,103.282,98.873,98.53,100.045,97.934,,98.52,101.662,98.96,92.565,65.604,102.5,74.172,103.565,26.78
2020-08-04,80.73,87.279,100.415,101.37,102.41,16.143,,93.22,93.656,41.935,102.496,35.0,101.637,103.25,84.202,67.04,,96.182,98.086,88.393,103.189,98.718,,100.194,98.349,,99.653,101.721,99.4,94.344,65.597,102.525,74.334,103.611,26.779
2020-08-05,80.965,87.279,100.429,101.41,103.387,16.144,,93.22,94.045,42.191,102.48,35.0,101.663,103.312,84.594,68.899,,96.182,97.508,88.341,103.189,98.406,,100.204,98.261,,98.89,102.074,99.276,94.312,65.597,102.575,74.66,104.11,26.778
2020-08-06,81.732,87.279,100.432,101.504,,16.146,,94.122,94.06,42.198,102.894,35.0,101.675,103.25,85.884,68.903,63.914,96.182,97.82,88.562,103.314,98.417,,100.225,98.471,,99.1,101.995,99.584,94.312,65.597,102.7,73.255,104.097,26.764
2020-08-07,83.883,87.279,100.434,101.745,,16.147,,94.122,94.064,42.191,103.303,35.0,101.662,103.25,85.593,75.896,64.421,97.15,97.358,88.605,103.252,98.326,99.1,100.208,98.736,99.922,98.874,102.137,99.858,94.15,65.592,102.625,72.483,104.044,26.764
