,CDX EM CDSI S30 5Y PRC Corp,CDX EM CDSI S31 5Y PRC Corp,CDX EM CDSI S32 5Y PRC Corp,CDX EM CDSI S33 5Y PRC Corp,CDX HY CDSI S31 5Y PRC Corp,CDX HY CDSI S32 5Y PRC Corp,CDX HY CDSI S33 5Y PRC Corp,CDX HY CDSI S34 5Y PRC Corp
2017-06-01,,,,,,,,
2017-06-02,,,,,,,,
2017-06-05,,,,,,,,
2017-06-06,,,,,,,,
2017-06-07,,,,,,,,
2017-06-08,,,,,,,,
2017-06-09,,,,,,,,
2017-06-12,,,,,,,,
2017-06-13,,,,,,,,
2017-06-14,,,,,,,,
2017-06-15,,,,,,,,
2017-06-16,,,,,,,,
2017-06-19,,,,,,,,
2017-06-20,,,,,,,,
2017-06-21,,,,,,,,
2017-06-22,,,,,,,,
2017-06-23,,,,,,,,
2017-06-26,,,,,,,,
2017-06-27,,,,,,,,
2017-06-28,,,,,,,,
2017-06-29,,,,,,,,
2017-06-30,,,,,,,,
2017-07-03,,,,,,,,
2017-07-04,,,,,,,,
2017-07-05,,,,,,,,
2017-07-06,,,,,,,,
2017-07-07,,,,,,,,
2017-07-10,,,,,,,,
2017-07-11,,,,,,,,
2017-07-12,,,,,,,,
2017-07-13,,,,,,,,
2017-07-14,,,,,,,,
2017-07-17,,,,,,,,
2017-07-18,,,,,,,,
2017-07-19,,,,,,,,
2017-07-20,,,,,,,,
2017-07-21,,,,,,,,
2017-07-24,,,,,,,,
2017-07-25,,,,,,,,
2017-07-26,,,,,,,,
2017-07-27,,,,,,,,
2017-07-28,,,,,,,,
2017-07-31,,,,,,,,
2017-08-01,,,,,,,,
2017-08-02,,,,,,,,
2017-08-03,,,,,,,,
2017-08-04,,,,,,,,
2017-08-07,,,,,,,,
2017-08-08,,,,,,,,
2017-08-09,,,,,,,,
2017-08-10,,,,,,,,
2017-08-11,,,,,,,,
2017-08-14,,,,,,,,
2017-08-15,,,,,,,,
2017-08-16,,,,,,,,
2017-08-17,,,,,,,,
2017-08-18,,,,,,,,
2017-08-21,,,,,,,,
2017-08-22,,,,,,,,
2017-08-23,,,,,,,,
2017-08-24,,,,,,,,
2017-08-25,,,,,,,,
2017-08-28,,,,,,,,
2017-08-29,,,,,,,,
2017-08-30,,,,,,,,
2017-08-31,,,,,,,,
2017-09-01,,,,,,,,
2017-09-04,,,,,,,,
2017-09-05,,,,,,,,
2017-09-06,,,,,,,,
2017-09-07,,,,,,,,
2017-09-08,,,,,,,,
2017-09-11,,,,,,,,
2017-09-12,,,,,,,,
2017-09-13,,,,,,,,
2017-09-14,,,,,,,,
2017-09-15,,,,,,,,
2017-09-18,,,,,,,,
2017-09-19,,,,,,,,
2017-09-20,,,,,,,,
2017-09-21,,,,,,,,
2017-09-22,,,,,,,,
2017-09-25,,,,,,,,
2017-09-26,,,,,,,,
2017-09-27,,,,,,,,
2017-09-28,,,,,,,,
2017-09-29,,,,,,,,
2017-10-02,,,,,,,,
2017-10-03,,,,,,,,
2017-10-04,,,,,,,,
2017-10-05,,,,,,,,
2017-10-06,,,,,,,,
2017-10-09,,,,,,,,
2017-10-10,,,,,,,,
2017-10-11,,,,,,,,
2017-10-12,,,,,,,,
2017-10-13,,,,,,,,
2017-10-16,,,,,,,,
2017-10-17,,,,,,,,
2017-10-18,,,,,,,,
2017-10-19,,,,,,,,
2017-10-20,,,,,,,,
2017-10-23,,,,,,,,
2017-10-24,,,,,,,,
2017-10-25,,,,,,,,
2017-10-26,,,,,,,,
2017-10-27,,,,,,,,
2017-10-30,,,,,,,,
2017-10-31,,,,,,,,
2017-11-01,,,,,,,,
2017-11-02,,,,,,,,
2017-11-03,,,,,,,,
2017-11-06,,,,,,,,
2017-11-07,,,,,,,,
2017-11-08,,,,,,,,
2017-11-09,,,,,,,,
2017-11-10,,,,,,,,
2017-11-13,,,,,,,,
2017-11-14,,,,,,,,
2017-11-15,,,,,,,,
2017-11-16,,,,,,,,
2017-11-17,,,,,,,,
2017-11-20,,,,,,,,
2017-11-21,,,,,,,,
2017-11-22,,,,,,,,
2017-11-23,,,,,,,,
2017-11-24,,,,,,,,
2017-11-27,,,,,,,,
2017-11-28,,,,,,,,
2017-11-29,,,,,,,,
2017-11-30,,,,,,,,
2017-12-01,,,,,,,,
2017-12-04,,,,,,,,
2017-12-05,,,,,,,,
2017-12-06,,,,,,,,
2017-12-07,,,,,,,,
2017-12-08,,,,,,,,
2017-12-11,,,,,,,,
2017-12-12,,,,,,,,
2017-12-13,,,,,,,,
2017-12-14,,,,,,,,
2017-12-15,,,,,,,,
2017-12-18,,,,,,,,
2017-12-19,,,,,,,,
2017-12-20,,,,,,,,
2017-12-21,,,,,,,,
2017-12-22,,,,,,,,
2017-12-25,,,,,,,,
2017-12-26,,,,,,,,
2017-12-27,,,,,,,,
2017-12-28,,,,,,,,
2017-12-29,,,,,,,,
2018-01-01,,,,,,,,
2018-01-02,,,,,,,,
2018-01-03,,,,,,,,
2018-01-04,,,,,,,,
2018-01-05,,,,,,,,
2018-01-08,,,,,,,,
2018-01-09,,,,,,,,
2018-01-10,,,,,,,,
2018-01-11,,,,,,,,
2018-01-12,,,,,,,,
2018-01-15,,,,,,,,
2018-01-16,,,,,,,,
2018-01-17,,,,,,,,
2018-01-18,,,,,,,,
2018-01-19,,,,,,,,
2018-01-22,,,,,,,,
2018-01-23,,,,,,,,
2018-01-24,,,,,,,,
2018-01-25,,,,,,,,
2018-01-26,,,,,,,,
2018-01-29,,,,,,,,
2018-01-30,,,,,,,,
2018-01-31,,,,,,,,
2018-02-01,,,,,,,,
2018-02-02,,,,,,,,
2018-02-05,,,,,,,,
2018-02-06,,,,,,,,
2018-02-07,,,,,,,,
2018-02-08,,,,,,,,
2018-02-09,,,,,,,,
2018-02-12,,,,,,,,
2018-02-13,,,,,,,,
2018-02-14,,,,,,,,
2018-02-15,,,,,,,,
2018-02-16,,,,,,,,
2018-02-19,,,,,,,,
2018-02-20,,,,,,,,
2018-02-21,,,,,,,,
2018-02-22,,,,,,,,
2018-02-23,,,,,,,,
2018-02-26,,,,,,,,
2018-02-27,,,,,,,,
2018-02-28,,,,,,,,
2018-03-01,,,,,,,,
2018-03-02,,,,,,,,
2018-03-05,,,,,,,,
2018-03-06,,,,,,,,
2018-03-07,,,,,,,,
2018-03-08,,,,,,,,
2018-03-09,,,,,,,,
2018-03-12,,,,,,,,
2018-03-13,,,,,,,,
2018-03-14,,,,,,,,
2018-03-15,,,,,,,,
2018-03-16,,,,,,,,
2018-03-19,,,,,,,,
2018-03-20,,,,,,,,
2018-03-21,,,,,,,,
2018-03-22,,,,,,,,
2018-03-23,,,,,,,,
2018-03-26,,,,,,,,
2018-03-27,,,,,,,,
2018-03-28,,,,,,,,
2018-03-29,,,,,,,,
2018-03-30,,,,,,,,
2018-04-02,,,,,,,,
2018-04-03,,,,,,,,
2018-04-04,,,,,,,,
2018-04-05,,,,,,,,
2018-04-06,,,,,,,,
2018-04-09,,,,,,,,
2018-04-10,,,,,,,,
2018-04-11,,,,,,,,
2018-04-12,,,,,,,,
2018-04-13,,,,,,,,
2018-04-16,,,,,,,,
2018-04-17,,,,,,,,
2018-04-18,,,,,,,,
2018-04-19,,,,,,,,
2018-04-20,,,,,,,,
2018-04-23,,,,,,,,
2018-04-24,,,,,,,,
2018-04-25,,,,,,,,
2018-04-26,,,,,,,,
2018-04-27,,,,,,,,
2018-04-30,,,,,,,,
2018-05-01,,,,,,,,
2018-05-02,,,,,,,,
2018-05-03,,,,,,,,
2018-05-04,,,,,,,,
2018-05-07,,,,,,,,
2018-05-08,,,,,,,,
2018-05-09,,,,,,,,
2018-05-10,,,,,,,,
2018-05-11,,,,,,,,
2018-05-14,,,,,,,,
2018-05-15,,,,,,,,
2018-05-16,,,,,,,,
2018-05-17,,,,,,,,
2018-05-18,,,,,,,,
2018-05-21,,,,,,,,
2018-05-22,,,,,,,,
2018-05-23,,,,,,,,
2018-05-24,,,,,,,,
2018-05-25,,,,,,,,
2018-05-28,,,,,,,,
2018-05-29,,,,,,,,
2018-05-30,,,,,,,,
2018-05-31,,,,,,,,
2018-06-01,,,,,,,,
2018-06-04,,,,,,,,
2018-06-05,,,,,,,,
2018-06-06,,,,,,,,
2018-06-07,,,,,,,,
2018-06-08,,,,,,,,
2018-06-11,,,,,,,,
2018-06-12,,,,,,,,
2018-06-13,,,,,,,,
2018-06-14,,,,,,,,
2018-06-15,,,,,,,,
2018-06-18,,,,,,,,
2018-06-19,,,,,,,,
2018-06-20,,,,,,,,
2018-06-21,,,,,,,,
2018-06-22,,,,,,,,
2018-06-25,,,,,,,,
2018-06-26,,,,,,,,
2018-06-27,,,,,,,,
2018-06-28,,,,,,,,
2018-06-29,,,,,,,,
2018-07-02,,,,,,,,
2018-07-03,,,,,,,,
2018-07-04,,,,,,,,
2018-07-05,,,,,,,,
2018-07-06,,,,,,,,
2018-07-09,,,,,,,,
2018-07-10,,,,,,,,
2018-07-11,,,,,,,,
2018-07-12,,,,,,,,
2018-07-13,,,,,,,,
2018-07-16,,,,,,,,
2018-07-17,,,,,,,,
2018-07-18,,,,,,,,
2018-07-19,,,,,,,,
2018-07-20,,,,,,,,
2018-07-23,,,,,,,,
2018-07-24,,,,,,,,
2018-07-25,,,,,,,,
2018-07-26,,,,,,,,
2018-07-27,,,,,,,,
2018-07-30,,,,,,,,
2018-07-31,,,,,,,,
2018-08-01,,,,,,,,
2018-08-02,,,,,,,,
2018-08-03,,,,,,,,
2018-08-06,,,,,,,,
2018-08-07,,,,,,,,
2018-08-08,,,,,,,,
2018-08-09,,,,,,,,
2018-08-10,,,,,,,,
2018-08-13,,,,,,,,
2018-08-14,,,,,,,,
2018-08-15,,,,,,,,
2018-08-16,,,,,,,,
2018-08-17,,,,,,,,
2018-08-20,,,,,,,,
2018-08-21,,,,,,,,
2018-08-22,,,,,,,,
2018-08-23,,,,,,,,
2018-08-24,,,,,,,,
2018-08-27,,,,,,,,
2018-08-28,,,,,,,,
2018-08-29,,,,,,,,
2018-08-30,,,,,,,,
2018-08-31,,,,,,,,
2018-09-03,,,,,,,,
2018-09-04,,,,,,,,
2018-09-05,,,,,,,,
2018-09-06,,,,,,,,
2018-09-07,,,,,,,,
2018-09-10,,,,,,,,
2018-09-11,,,,,,,,
2018-09-12,,,,,,,,
2018-09-13,,,,,,,,
2018-09-14,,,,,,,,
2018-09-17,,,,,,,,
2018-09-18,,,,,,,,
2018-09-19,,,,,,,,
2018-09-20,1.0,,,,,,,
2018-09-21,1.0,,,,,,,
2018-09-24,1.0,,,,,,,
2018-09-25,1.0,,,,,,,
2018-09-26,1.0,,,,,,,
2018-09-27,1.0,,,,1.0,,,
2018-09-28,1.0,,,,1.0,,,
2018-10-01,1.0,,,,1.0,,,
2018-10-02,1.0,,,,1.0,,,
2018-10-03,1.0,,,,1.0,,,
2018-10-04,1.0,,,,1.0,,,
2018-10-05,1.0,,,,1.0,,,
2018-10-08,1.0,,,,1.0,,,
2018-10-09,1.0,,,,1.0,,,
2018-10-10,1.0,,,,1.0,,,
2018-10-11,1.0,,,,1.0,,,
2018-10-12,1.0,,,,1.0,,,
2018-10-15,1.0,,,,1.0,,,
2018-10-16,1.0,,,,1.0,,,
2018-10-17,1.0,,,,1.0,,,
2018-10-18,1.0,,,,0.99,,,
2018-10-19,1.0,,,,0.99,,,
2018-10-22,1.0,,,,0.99,,,
2018-10-23,1.0,,,,0.99,,,
2018-10-24,1.0,,,,0.99,,,
2018-10-25,1.0,,,,0.99,,,
2018-10-26,1.0,,,,0.99,,,
2018-10-29,1.0,,,,0.99,,,
2018-10-30,1.0,,,,0.99,,,
2018-10-31,1.0,,,,0.99,,,
2018-11-01,1.0,,,,0.99,,,
2018-11-02,1.0,,,,0.99,,,
2018-11-05,1.0,,,,0.99,,,
2018-11-06,1.0,,,,0.99,,,
2018-11-07,1.0,,,,0.99,,,
2018-11-08,1.0,,,,0.99,,,
2018-11-09,1.0,,,,0.99,,,
2018-11-12,1.0,,,,0.99,,,
2018-11-13,1.0,,,,0.99,,,
2018-11-14,1.0,,,,0.99,,,
2018-11-15,1.0,,,,0.99,,,
2018-11-16,1.0,,,,0.99,,,
2018-11-19,1.0,,,,0.99,,,
2018-11-20,1.0,,,,0.99,,,
2018-11-21,1.0,,,,0.99,,,
2018-11-22,1.0,,,,0.99,,,
2018-11-23,1.0,,,,0.99,,,
2018-11-26,1.0,,,,0.99,,,
2018-11-27,1.0,,,,0.99,,,
2018-11-28,1.0,,,,0.99,,,
2018-11-29,1.0,,,,0.99,,,
2018-11-30,1.0,,,,0.99,,,
2018-12-03,1.0,,,,0.99,,,
2018-12-04,1.0,,,,0.99,,,
2018-12-05,1.0,,,,0.99,,,
2018-12-06,1.0,,,,0.99,,,
2018-12-07,1.0,,,,0.99,,,
2018-12-10,1.0,,,,0.99,,,
2018-12-11,1.0,,,,0.99,,,
2018-12-12,1.0,,,,0.99,,,
2018-12-13,1.0,,,,0.99,,,
2018-12-14,1.0,,,,0.99,,,
2018-12-17,1.0,,,,0.99,,,
2018-12-18,1.0,,,,0.98,,,
2018-12-19,1.0,,,,0.98,,,
2018-12-20,1.0,,,,0.98,,,
2018-12-21,1.0,,,,0.98,,,
2018-12-24,1.0,,,,0.98,,,
2018-12-25,1.0,,,,0.98,,,
2018-12-26,1.0,,,,0.98,,,
2018-12-27,1.0,,,,0.98,,,
2018-12-28,1.0,,,,0.98,,,
2018-12-31,1.0,,,,0.98,,,
2019-01-01,1.0,,,,0.98,,,
2019-01-02,1.0,,,,0.98,,,
2019-01-03,1.0,,,,0.98,,,
2019-01-04,1.0,,,,0.98,,,
2019-01-07,1.0,,,,0.98,,,
2019-01-08,1.0,,,,0.98,,,
2019-01-09,1.0,,,,0.98,,,
2019-01-10,1.0,,,,0.98,,,
2019-01-11,1.0,,,,0.98,,,
2019-01-14,1.0,,,,0.98,,,
2019-01-15,1.0,,,,0.98,,,
2019-01-16,1.0,,,,0.98,,,
2019-01-17,1.0,,,,0.98,,,
2019-01-18,1.0,,,,0.98,,,
2019-01-21,1.0,,,,0.98,,,
2019-01-22,1.0,,,,0.98,,,
2019-01-23,1.0,,,,0.98,,,
2019-01-24,1.0,,,,0.98,,,
2019-01-25,1.0,,,,0.98,,,
2019-01-28,1.0,,,,0.98,,,
2019-01-29,1.0,,,,0.98,,,
2019-01-30,1.0,,,,0.98,,,
2019-01-31,1.0,,,,0.98,,,
2019-02-01,1.0,,,,0.98,,,
2019-02-04,1.0,,,,0.98,,,
2019-02-05,1.0,,,,0.98,,,
2019-02-06,1.0,,,,0.98,,,
2019-02-07,1.0,,,,0.98,,,
2019-02-08,1.0,,,,0.98,,,
2019-02-11,1.0,,,,0.98,,,
2019-02-12,1.0,,,,0.98,,,
2019-02-13,1.0,,,,0.98,,,
2019-02-14,1.0,,,,0.98,,,
2019-02-15,1.0,,,,0.98,,,
2019-02-18,1.0,,,,0.98,,,
2019-02-19,1.0,,,,0.98,,,
2019-02-20,1.0,,,,0.98,,,
2019-02-21,1.0,,,,0.98,,,
2019-02-22,1.0,,,,0.98,,,
2019-02-25,1.0,,,,0.98,,,
2019-02-26,1.0,,,,0.98,,,
2019-02-27,1.0,,,,0.97,,,
2019-02-28,1.0,,,,0.97,,,
2019-03-01,1.0,,,,0.97,,,
2019-03-04,1.0,,,,0.97,,,
2019-03-05,1.0,,,,0.97,,,
2019-03-06,1.0,,,,0.97,,,
2019-03-07,1.0,,,,0.97,,,
2019-03-08,1.0,,,,0.97,,,
2019-03-11,1.0,,,,0.97,,,
2019-03-12,1.0,,,,0.97,,,
2019-03-13,1.0,,,,0.97,,,
2019-03-14,1.0,,,,0.97,,,
2019-03-15,1.0,,,,0.97,,,
2019-03-18,1.0,,,,0.97,,,
2019-03-19,1.0,,,,0.97,,,
2019-03-20,1.0,1.0,,,0.97,,,
2019-03-21,1.0,1.0,,,0.97,,,
2019-03-22,1.0,1.0,,,0.97,,,
2019-03-25,1.0,1.0,,,0.97,,,
2019-03-26,1.0,1.0,,,0.97,,,
2019-03-27,1.0,1.0,,,0.97,1.0,,
2019-03-28,1.0,1.0,,,0.97,1.0,,
2019-03-29,1.0,1.0,,,0.97,1.0,,
2019-04-01,1.0,1.0,,,0.97,1.0,,
2019-04-02,1.0,1.0,,,0.97,1.0,,
2019-04-03,1.0,1.0,,,0.97,1.0,,
2019-04-04,1.0,1.0,,,0.97,1.0,,
2019-04-05,1.0,1.0,,,0.97,1.0,,
2019-04-08,1.0,1.0,,,0.97,1.0,,
2019-04-09,1.0,1.0,,,0.97,1.0,,
2019-04-10,1.0,1.0,,,0.97,1.0,,
2019-04-11,1.0,1.0,,,0.97,1.0,,
2019-04-12,1.0,1.0,,,0.97,1.0,,
2019-04-15,1.0,1.0,,,0.97,1.0,,
2019-04-16,1.0,1.0,,,0.97,1.0,,
2019-04-17,1.0,1.0,,,0.97,1.0,,
2019-04-18,1.0,1.0,,,0.97,1.0,,
2019-04-19,1.0,1.0,,,0.97,1.0,,
2019-04-22,1.0,1.0,,,0.97,1.0,,
2019-04-23,1.0,1.0,,,0.97,1.0,,
2019-04-24,1.0,1.0,,,0.97,1.0,,
2019-04-25,1.0,1.0,,,0.97,1.0,,
2019-04-26,1.0,1.0,,,0.97,1.0,,
2019-04-29,1.0,1.0,,,0.97,1.0,,
2019-04-30,1.0,1.0,,,0.97,1.0,,
2019-05-01,1.0,1.0,,,0.97,1.0,,
2019-05-02,1.0,1.0,,,0.97,1.0,,
2019-05-03,1.0,1.0,,,0.97,1.0,,
2019-05-06,1.0,1.0,,,0.97,1.0,,
2019-05-07,1.0,1.0,,,0.97,1.0,,
2019-05-08,1.0,1.0,,,0.97,1.0,,
2019-05-09,1.0,1.0,,,0.97,1.0,,
2019-05-10,1.0,1.0,,,0.97,1.0,,
2019-05-13,1.0,1.0,,,0.97,1.0,,
2019-05-14,1.0,1.0,,,0.97,1.0,,
2019-05-15,1.0,1.0,,,0.97,1.0,,
2019-05-16,1.0,1.0,,,0.97,1.0,,
2019-05-17,1.0,1.0,,,0.97,1.0,,
2019-05-20,1.0,1.0,,,0.97,1.0,,
2019-05-21,1.0,1.0,,,0.97,1.0,,
2019-05-22,1.0,1.0,,,0.97,1.0,,
2019-05-23,1.0,1.0,,,0.97,1.0,,
2019-05-24,1.0,1.0,,,0.97,1.0,,
2019-05-27,1.0,1.0,,,0.97,1.0,,
2019-05-28,1.0,1.0,,,0.97,1.0,,
2019-05-29,1.0,1.0,,,0.97,1.0,,
2019-05-30,1.0,1.0,,,0.97,1.0,,
2019-05-31,1.0,1.0,,,0.97,1.0,,
2019-06-03,1.0,1.0,,,0.97,1.0,,
2019-06-04,1.0,1.0,,,0.97,1.0,,
2019-06-05,1.0,1.0,,,0.97,1.0,,
2019-06-06,1.0,1.0,,,0.97,1.0,,
2019-06-07,1.0,1.0,,,0.97,1.0,,
2019-06-10,1.0,1.0,,,0.97,1.0,,
2019-06-11,1.0,1.0,,,0.97,1.0,,
2019-06-12,1.0,1.0,,,0.97,1.0,,
2019-06-13,1.0,1.0,,,0.97,1.0,,
2019-06-14,1.0,1.0,,,0.97,1.0,,
2019-06-17,1.0,1.0,,,0.97,1.0,,
2019-06-18,1.0,1.0,,,0.97,1.0,,
2019-06-19,1.0,1.0,,,0.97,1.0,,
2019-06-20,1.0,1.0,,,0.97,1.0,,
2019-06-21,1.0,1.0,,,0.97,1.0,,
2019-06-24,1.0,1.0,,,0.97,1.0,,
2019-06-25,1.0,1.0,,,0.97,1.0,,
2019-06-26,1.0,1.0,,,0.97,1.0,,
2019-06-27,1.0,1.0,,,0.97,1.0,,
2019-06-28,1.0,1.0,,,0.97,1.0,,
2019-07-01,1.0,1.0,,,0.97,1.0,,
2019-07-02,1.0,1.0,,,0.97,1.0,,
2019-07-03,1.0,1.0,,,0.97,1.0,,
2019-07-04,1.0,1.0,,,0.97,1.0,,
2019-07-05,1.0,1.0,,,0.96,0.99,,
2019-07-08,1.0,1.0,,,0.96,0.99,,
2019-07-09,1.0,1.0,,,0.96,0.99,,
2019-07-10,1.0,1.0,,,0.96,0.99,,
2019-07-11,1.0,1.0,,,0.96,0.99,,
2019-07-12,1.0,1.0,,,0.96,0.99,,
2019-07-15,1.0,1.0,,,0.96,0.99,,
2019-07-16,1.0,1.0,,,0.96,0.99,,
2019-07-17,1.0,1.0,,,0.96,0.99,,
2019-07-18,1.0,1.0,,,0.96,0.99,,
2019-07-19,1.0,1.0,,,0.96,0.99,,
2019-07-22,1.0,1.0,,,0.96,0.99,,
2019-07-23,1.0,1.0,,,0.96,0.99,,
2019-07-24,1.0,1.0,,,0.96,0.99,,
2019-07-25,1.0,1.0,,,0.96,0.99,,
2019-07-26,1.0,1.0,,,0.96,0.99,,
2019-07-29,1.0,1.0,,,0.96,0.99,,
2019-07-30,1.0,1.0,,,0.96,0.99,,
2019-07-31,1.0,1.0,,,0.96,0.99,,
2019-08-01,1.0,1.0,,,0.96,0.99,,
2019-08-02,1.0,1.0,,,0.96,0.99,,
2019-08-05,1.0,1.0,,,0.96,0.99,,
2019-08-06,1.0,1.0,,,0.96,0.99,,
2019-08-07,1.0,1.0,,,0.96,0.99,,
2019-08-08,1.0,1.0,,,0.96,0.99,,
2019-08-09,1.0,1.0,,,0.96,0.99,,
2019-08-12,1.0,1.0,,,0.96,0.99,,
2019-08-13,1.0,1.0,,,0.96,0.99,,
2019-08-14,1.0,1.0,,,0.96,0.99,,
2019-08-15,1.0,1.0,,,0.96,0.99,,
2019-08-16,1.0,1.0,,,0.96,0.99,,
2019-08-19,1.0,1.0,,,0.96,0.99,,
2019-08-20,1.0,1.0,,,0.96,0.99,,
2019-08-21,1.0,1.0,,,0.96,0.99,,
2019-08-22,1.0,1.0,,,0.96,0.99,,
2019-08-23,1.0,1.0,,,0.96,0.99,,
2019-08-26,1.0,1.0,,,0.96,0.99,,
2019-08-27,1.0,1.0,,,0.96,0.99,,
2019-08-28,1.0,1.0,,,0.96,0.99,,
2019-08-29,1.0,1.0,,,0.96,0.99,,
2019-08-30,1.0,1.0,,,0.96,0.99,,
2019-09-02,1.0,1.0,,,0.96,0.99,,
2019-09-03,1.0,1.0,,,0.96,0.99,,
2019-09-04,1.0,1.0,,,0.96,0.99,,
2019-09-05,1.0,1.0,,,0.96,0.99,,
2019-09-06,1.0,1.0,,,0.96,0.99,,
2019-09-09,1.0,1.0,,,0.96,0.99,,
2019-09-10,1.0,1.0,,,0.96,0.99,,
2019-09-11,1.0,1.0,,,0.96,0.99,,
2019-09-12,1.0,1.0,,,0.96,0.99,,
2019-09-13,1.0,1.0,,,0.96,0.99,,
2019-09-16,1.0,1.0,,,0.96,0.99,,
2019-09-17,1.0,1.0,,,0.96,0.99,,
2019-09-18,1.0,1.0,,,0.96,0.99,,
2019-09-19,1.0,1.0,,,0.96,0.99,,
2019-09-20,1.0,1.0,1.0,,0.96,0.99,,
2019-09-23,1.0,1.0,1.0,,0.96,0.99,,
2019-09-24,1.0,1.0,1.0,,0.96,0.99,,
2019-09-25,1.0,1.0,1.0,,0.96,0.99,,
2019-09-26,1.0,1.0,1.0,,0.96,0.99,,
2019-09-27,1.0,1.0,1.0,,0.96,0.99,1.0,
2019-09-30,1.0,1.0,1.0,,0.96,0.99,1.0,
2019-10-01,1.0,1.0,1.0,,0.96,0.99,1.0,
2019-10-02,1.0,1.0,1.0,,0.96,0.99,1.0,
2019-10-03,1.0,1.0,1.0,,0.96,0.99,1.0,
2019-10-04,1.0,1.0,1.0,,0.96,0.99,1.0,
2019-10-07,1.0,1.0,1.0,,0.96,0.99,1.0,
2019-10-08,1.0,1.0,1.0,,0.96,0.99,1.0,
2019-10-09,1.0,1.0,1.0,,0.96,0.99,1.0,
2019-10-10,1.0,1.0,1.0,,0.96,0.99,1.0,
2019-10-11,1.0,1.0,1.0,,0.96,0.99,1.0,
2019-10-14,1.0,1.0,1.0,,0.96,0.99,1.0,
2019-10-15,1.0,1.0,1.0,,0.96,0.99,1.0,
2019-10-16,1.0,1.0,1.0,,0.96,0.99,1.0,
2019-10-17,1.0,1.0,1.0,,0.96,0.99,1.0,
2019-10-18,1.0,1.0,1.0,,0.96,0.99,1.0,
2019-10-21,1.0,1.0,1.0,,0.96,0.99,1.0,
2019-10-22,1.0,1.0,1.0,,0.96,0.99,1.0,
2019-10-23,1.0,1.0,1.0,,0.96,0.99,1.0,
2019-10-24,1.0,1.0,1.0,,0.96,0.99,1.0,
2019-10-25,1.0,1.0,1.0,,0.96,0.99,1.0,
2019-10-28,1.0,1.0,1.0,,0.96,0.99,1.0,
2019-10-29,1.0,1.0,1.0,,0.96,0.99,1.0,
2019-10-30,1.0,1.0,1.0,,0.96,0.99,1.0,
2019-10-31,1.0,1.0,1.0,,0.96,0.99,1.0,
2019-11-01,1.0,1.0,1.0,,0.96,0.99,1.0,
2019-11-04,1.0,1.0,1.0,,0.96,0.99,1.0,
2019-11-05,1.0,1.0,1.0,,0.96,0.99,1.0,
2019-11-06,1.0,1.0,1.0,,0.96,0.99,1.0,
2019-11-07,1.0,1.0,1.0,,0.96,0.99,1.0,
2019-11-08,1.0,1.0,1.0,,0.96,0.99,1.0,
2019-11-11,1.0,1.0,1.0,,0.96,0.99,1.0,
2019-11-12,1.0,1.0,1.0,,0.96,0.99,1.0,
2019-11-13,1.0,1.0,1.0,,0.96,0.99,1.0,
2019-11-14,1.0,1.0,1.0,,0.96,0.99,1.0,
2019-11-15,1.0,1.0,1.0,,0.96,0.98,0.99,
2019-11-18,1.0,1.0,1.0,,0.96,0.98,0.99,
2019-11-19,1.0,1.0,1.0,,0.96,0.98,0.99,
2019-11-20,1.0,1.0,1.0,,0.96,0.98,0.99,
2019-11-21,1.0,1.0,1.0,,0.96,0.98,0.99,
2019-11-22,1.0,1.0,1.0,,0.96,0.98,0.99,
2019-11-25,1.0,1.0,1.0,,0.96,0.98,0.99,
2019-11-26,1.0,1.0,1.0,,0.96,0.98,0.99,
2019-11-27,1.0,1.0,1.0,,0.96,0.98,0.99,
2019-11-28,1.0,1.0,1.0,,0.96,0.98,0.99,
2019-11-29,1.0,1.0,1.0,,0.96,0.98,0.99,
2019-12-02,1.0,1.0,1.0,,0.96,0.98,0.99,
2019-12-03,1.0,1.0,1.0,,0.96,0.98,0.99,
2019-12-04,1.0,1.0,1.0,,0.96,0.98,0.99,
2019-12-05,1.0,1.0,1.0,,0.96,0.98,0.99,
2019-12-06,1.0,1.0,1.0,,0.96,0.98,0.99,
2019-12-09,1.0,1.0,1.0,,0.96,0.98,0.99,
2019-12-10,1.0,1.0,1.0,,0.96,0.98,0.99,
2019-12-11,1.0,1.0,1.0,,0.96,0.98,0.99,
2019-12-12,1.0,1.0,1.0,,0.96,0.98,0.99,
2019-12-13,1.0,1.0,1.0,,0.96,0.98,0.99,
2019-12-16,1.0,1.0,1.0,,0.96,0.98,0.99,
2019-12-17,1.0,1.0,1.0,,0.96,0.98,0.99,
2019-12-18,1.0,1.0,1.0,,0.96,0.98,0.99,
2019-12-19,1.0,1.0,1.0,,0.96,0.98,0.99,
2019-12-20,1.0,1.0,1.0,,0.96,0.98,0.99,
2019-12-23,1.0,1.0,1.0,,0.96,0.98,0.99,
2019-12-24,1.0,1.0,1.0,,0.96,0.98,0.99,
2019-12-25,1.0,1.0,1.0,,0.96,0.98,0.99,
2019-12-26,1.0,1.0,1.0,,0.96,0.98,0.99,
2019-12-27,1.0,1.0,1.0,,0.96,0.98,0.99,
2019-12-30,1.0,1.0,1.0,,0.96,0.98,0.99,
2019-12-31,1.0,1.0,1.0,,0.96,0.98,0.99,
2020-01-01,1.0,1.0,1.0,,0.96,0.98,0.99,
2020-01-02,1.0,1.0,1.0,,0.96,0.98,0.99,
2020-01-03,1.0,1.0,1.0,,0.96,0.98,0.99,
2020-01-06,1.0,1.0,1.0,,0.96,0.98,0.99,
2020-01-07,1.0,1.0,1.0,,0.96,0.98,0.99,
2020-01-08,1.0,1.0,1.0,,0.96,0.98,0.99,
2020-01-09,1.0,1.0,1.0,,0.96,0.98,0.99,
2020-01-10,1.0,1.0,1.0,,0.96,0.98,0.99,
2020-01-13,1.0,1.0,1.0,,0.96,0.98,0.99,
2020-01-14,1.0,1.0,1.0,,0.96,0.98,0.99,
2020-01-15,1.0,1.0,1.0,,0.96,0.98,0.99,
2020-01-16,1.0,1.0,1.0,,0.96,0.98,0.99,
2020-01-17,1.0,1.0,1.0,,0.96,0.98,0.99,
2020-01-20,1.0,1.0,1.0,,0.96,0.98,0.99,
2020-01-21,1.0,1.0,1.0,,0.96,0.98,0.99,
2020-01-22,1.0,1.0,1.0,,0.96,0.98,0.99,
2020-01-23,1.0,1.0,1.0,,0.96,0.98,0.99,
2020-01-24,1.0,1.0,1.0,,0.96,0.98,0.99,
2020-01-27,1.0,1.0,1.0,,0.96,0.98,0.99,
2020-01-28,1.0,1.0,1.0,,0.96,0.98,0.99,
2020-01-29,1.0,1.0,1.0,,0.96,0.98,0.99,
2020-01-30,1.0,1.0,1.0,,0.96,0.98,0.99,
2020-01-31,1.0,1.0,1.0,,0.96,0.98,0.99,
2020-02-03,1.0,1.0,1.0,,0.96,0.98,0.99,
2020-02-04,1.0,1.0,1.0,,0.96,0.98,0.99,
2020-02-05,1.0,1.0,1.0,,0.96,0.98,0.99,
2020-02-06,1.0,1.0,1.0,,0.96,0.98,0.99,
2020-02-07,1.0,1.0,1.0,,0.96,0.98,0.99,
2020-02-10,1.0,1.0,1.0,,0.96,0.98,0.99,
2020-02-11,1.0,1.0,1.0,,0.96,0.98,0.99,
2020-02-12,1.0,1.0,1.0,,0.96,0.98,0.99,
2020-02-13,1.0,1.0,1.0,,0.96,0.98,0.99,
2020-02-14,1.0,1.0,1.0,,0.96,0.98,0.99,
2020-02-17,1.0,1.0,1.0,,0.95,0.97,0.98,
2020-02-18,1.0,1.0,1.0,,0.95,0.97,0.98,
2020-02-19,1.0,1.0,1.0,,0.95,0.97,0.98,
2020-02-20,1.0,1.0,1.0,,0.95,0.97,0.98,
2020-02-21,1.0,1.0,1.0,,0.95,0.97,0.98,
2020-02-24,1.0,1.0,1.0,,0.95,0.97,0.98,
2020-02-25,1.0,1.0,1.0,,0.95,0.97,0.98,
2020-02-26,1.0,1.0,1.0,,0.95,0.97,0.98,
2020-02-27,1.0,1.0,1.0,,0.95,0.97,0.98,
2020-02-28,1.0,1.0,1.0,,0.95,0.97,0.98,
2020-03-02,1.0,1.0,1.0,,0.95,0.97,0.98,
2020-03-03,1.0,1.0,1.0,,0.95,0.97,0.98,
2020-03-04,1.0,1.0,1.0,,0.95,0.97,0.98,
2020-03-05,1.0,1.0,1.0,,0.95,0.97,0.98,
2020-03-06,1.0,1.0,1.0,,0.95,0.97,0.98,
2020-03-09,1.0,1.0,1.0,,0.95,0.97,0.98,
2020-03-10,1.0,1.0,1.0,,0.95,0.97,0.98,
2020-03-11,1.0,1.0,1.0,,0.95,0.97,0.98,
2020-03-12,1.0,1.0,1.0,,0.95,0.97,0.98,
2020-03-13,1.0,1.0,1.0,,0.95,0.97,0.98,
2020-03-16,1.0,1.0,1.0,,0.95,0.97,0.98,
2020-03-17,1.0,1.0,1.0,,0.95,0.97,0.98,
2020-03-18,1.0,1.0,1.0,,0.95,0.97,0.98,
2020-03-19,1.0,1.0,1.0,,0.95,0.97,0.98,
2020-03-20,1.0,1.0,1.0,1.0,0.95,0.97,0.98,
2020-03-23,0.97,1.0,0.98,1.0,0.95,0.97,0.98,
2020-03-24,0.97,1.0,0.98,1.0,0.95,0.97,0.98,
2020-03-25,0.97,1.0,0.98,1.0,0.95,0.97,0.98,
2020-03-26,0.97,1.0,0.98,1.0,0.95,0.97,0.98,
2020-03-27,0.97,1.0,0.98,1.0,0.95,0.97,0.98,1.0
2020-03-30,0.97,1.0,0.98,1.0,0.95,0.97,0.98,1.0
2020-03-31,0.97,1.0,0.98,1.0,0.95,0.97,0.98,1.0
2020-04-01,0.97,1.0,0.98,1.0,0.95,0.97,0.98,1.0
2020-04-02,0.97,1.0,0.98,1.0,0.95,0.97,0.98,1.0
2020-04-03,0.97,1.0,0.98,1.0,0.94,0.96,0.97,0.99
2020-04-06,0.97,1.0,0.98,1.0,0.94,0.96,0.97,0.99
2020-04-07,0.97,1.0,0.98,1.0,0.94,0.96,0.97,0.99
2020-04-08,0.97,1.0,0.98,1.0,0.94,0.96,0.97,0.99
2020-04-09,0.97,1.0,0.98,1.0,0.94,0.96,0.97,0.99
2020-04-10,0.97,1.0,0.98,1.0,0.94,0.96,0.97,0.99
2020-04-13,0.97,1.0,0.98,1.0,0.94,0.96,0.97,0.99
2020-04-14,0.97,1.0,0.98,1.0,0.94,0.96,0.97,0.99
2020-04-15,0.97,1.0,0.98,1.0,0.94,0.96,0.97,0.99
2020-04-16,0.97,1.0,0.98,1.0,0.93,0.95,0.96,0.99
2020-04-17,0.97,1.0,0.98,1.0,0.93,0.95,0.96,0.99
2020-04-20,0.97,1.0,0.98,1.0,0.93,0.95,0.96,0.99
2020-04-21,0.97,1.0,0.98,1.0,0.93,0.95,0.96,0.99
2020-04-22,0.97,1.0,0.98,1.0,0.93,0.95,0.96,0.99
2020-04-23,0.97,1.0,0.98,1.0,0.93,0.95,0.96,0.99
2020-04-24,0.97,1.0,0.98,1.0,0.93,0.95,0.96,0.99
2020-04-27,0.97,1.0,0.98,1.0,0.93,0.95,0.96,0.99
2020-04-28,0.97,1.0,0.98,1.0,0.92,0.94,0.95,0.98
2020-04-29,0.97,1.0,0.98,1.0,0.92,0.94,0.95,0.98
2020-04-30,0.97,1.0,0.98,1.0,0.92,0.94,0.95,0.98
2020-05-01,0.97,1.0,0.98,1.0,0.92,0.94,0.95,0.98
2020-05-04,0.97,1.0,0.98,1.0,0.92,0.94,0.95,0.98
2020-05-05,0.97,1.0,0.98,1.0,0.92,0.94,0.95,0.98
2020-05-06,0.97,1.0,0.98,1.0,0.92,0.94,0.95,0.98
2020-05-07,0.97,1.0,0.98,1.0,0.92,0.94,0.95,0.98
2020-05-08,0.97,1.0,0.98,1.0,0.91,0.93,0.94,0.97
2020-05-11,0.97,1.0,0.98,1.0,0.91,0.93,0.94,0.97
2020-05-12,0.97,1.0,0.98,1.0,0.91,0.93,0.94,0.97
2020-05-13,0.97,1.0,0.98,1.0,0.91,0.93,0.94,0.97
2020-05-14,0.97,1.0,0.98,1.0,0.91,0.93,0.94,0.97
2020-05-15,0.97,1.0,0.98,1.0,0.91,0.93,0.94,0.97
2020-05-18,0.97,1.0,0.98,1.0,0.91,0.93,0.94,0.97
2020-05-19,0.97,1.0,0.98,1.0,0.9,0.92,0.93,0.96
2020-05-20,0.97,1.0,0.98,1.0,0.9,0.92,0.93,0.96
2020-05-21,0.97,1.0,0.98,1.0,0.9,0.92,0.93,0.96
2020-05-22,0.97,1.0,0.98,1.0,0.9,0.92,0.93,0.96
2020-05-25,0.97,1.0,0.98,1.0,0.9,0.92,0.93,0.96
2020-05-26,0.97,1.0,0.98,1.0,0.9,0.92,0.93,0.96
2020-05-27,0.97,1.0,0.98,1.0,0.89,0.91,0.92,0.95
2020-05-28,0.97,1.0,0.98,1.0,0.89,0.91,0.92,0.95
2020-05-29,0.97,1.0,0.98,1.0,0.89,0.91,0.92,0.95
2020-06-01,0.97,1.0,0.98,1.0,0.89,0.91,0.92,0.95
2020-06-02,0.94,0.94,0.93,0.95,0.89,0.91,0.92,0.95
2020-06-03,0.94,0.94,0.93,0.95,0.89,0.91,0.92,0.95
2020-06-04,0.94,0.94,0.93,0.95,0.89,0.91,0.92,0.95
2020-06-05,0.94,0.94,0.93,0.95,0.89,0.91,0.92,0.95
2020-06-08,0.94,0.94,0.93,0.95,0.89,0.91,0.92,0.95
2020-06-09,0.94,0.94,0.93,0.95,0.89,0.91,0.92,0.95
2020-06-10,0.94,0.94,0.93,0.95,0.89,0.91,0.92,0.95
2020-06-11,0.94,0.94,0.93,0.95,0.89,0.91,0.92,0.95
2020-06-12,0.94,0.94,0.93,0.95,0.88,0.9,0.91,0.94
2020-06-15,0.94,0.94,0.93,0.95,0.88,0.9,0.91,0.94
2020-06-16,0.94,0.94,0.93,0.95,0.88,0.9,0.91,0.94
2020-06-17,0.94,0.94,0.93,0.95,0.88,0.9,0.91,0.94
2020-06-18,0.94,0.94,0.93,0.95,0.88,0.9,0.91,0.94
2020-06-19,0.94,0.94,0.93,0.95,0.88,0.9,0.91,0.94
2020-06-22,0.94,0.94,0.93,0.95,0.88,0.9,0.91,0.94
2020-06-23,0.94,0.94,0.93,0.95,0.88,0.9,0.91,0.94
2020-06-24,0.94,0.94,0.93,0.95,0.88,0.9,0.91,0.94
2020-06-25,0.94,0.94,0.93,0.95,0.88,0.9,0.91,0.94
2020-06-26,0.94,0.94,0.93,0.95,0.88,0.9,0.91,0.94
2020-06-29,0.94,0.94,0.93,0.95,0.88,0.9,0.91,0.94
2020-06-30,0.94,0.94,0.93,0.95,0.87,0.89,0.9,0.93
2020-07-01,0.94,0.94,0.93,0.95,0.87,0.89,0.9,0.93
2020-07-02,0.94,0.94,0.93,0.95,0.87,0.89,0.9,0.93
2020-07-03,0.94,0.94,0.93,0.95,0.87,0.89,0.9,0.93
2020-07-06,0.94,0.94,0.93,0.95,0.87,0.89,0.9,0.93
2020-07-07,0.94,0.94,0.93,0.95,0.87,0.89,0.9,0.93
2020-07-08,0.94,0.94,0.93,0.95,0.87,0.89,0.9,0.93
2020-07-09,0.94,0.94,0.93,0.95,0.87,0.89,0.9,0.93
2020-07-10,0.94,0.94,0.93,0.95,0.87,0.89,0.9,0.93
2020-07-13,0.94,0.94,0.93,0.95,0.87,0.89,0.9,0.93
2020-07-14,0.94,0.94,0.93,0.95,0.87,0.89,0.9,0.93
2020-07-15,0.94,0.94,0.93,0.95,0.87,0.89,0.9,0.93
2020-07-16,0.94,0.94,0.93,0.95,0.87,0.89,0.9,0.93
2020-07-17,0.94,0.94,0.93,0.95,0.87,0.89,0.9,0.93
