,Bond Nav (Net),Cash for Coupon Payment,Cash for New Issuance,Bond Nav,Bond PnL,Bond Return,Bond Return Cumulative,Hedge Nav,Hedge PnL,Hedge Return,Total Return Daily,Total Return Cumulative,Difference in Return,Same Direction
2019-07-01,18135705.83333333,42500.00000000,15961440.00000000,34139645.83333333,,,,23035655.55555556,0.00000000,0.00000000,,,,0
2019-07-02,18230340.00000000,42500.00000000,15961440.00000000,34234280.00000000,94634.16666667,0.00277197,0.00277197,23207565.46181182,171909.90625626,0.00343820,0.00824655,0.00824655,-0.00547458,1
2019-07-03,18252424.16666667,42500.00000000,15961440.00000000,34256364.16666667,22084.16666667,0.00064509,0.00341885,23337470.95115879,129905.48934697,0.00257062,0.00466391,0.01294893,-0.00953008,1
2019-07-04,18256078.33333333,42500.00000000,15961440.00000000,34260018.33333333,3654.16666666,0.00010667,0.00352589,23334048.72893656,-3422.22222222,-0.00006844,0.00000708,0.01295610,-0.00943022,0
2019-07-05,18230832.50000000,42500.00000000,15961440.00000000,34234772.50000000,-25245.83333333,-0.00073689,0.00278640,23078611.73252776,-255436.99640881,-0.00500995,-0.00857292,0.00427212,-0.00148572,1
2019-07-08,18252595.00000000,42500.00000000,15961440.00000000,34256535.00000000,21762.50000000,0.00063568,0.00342385,23196818.50488584,118206.77235808,0.00236316,0.00431206,0.00860260,-0.00517874,1
2019-07-09,18225449.16666667,42500.00000000,15961440.00000000,34229389.16666667,-27145.83333333,-0.00079243,0.00262871,23155026.05724629,-41792.44763955,-0.00083532,-0.00211468,0.00646973,-0.00384102,1
2019-07-10,18225483.33333333,42500.00000000,15961440.00000000,34229423.33333333,34.16666666,0.00000100,0.00262971,22958728.55657467,-196297.50067162,-0.00391929,-0.00603312,0.00039758,0.00223213,0
2019-07-11,18192327.50000000,42500.00000000,15961440.00000000,34196267.50000000,-33155.83333333,-0.00096864,0.00165853,22691689.66832450,-267038.88825017,-0.00536147,-0.00928397,-0.00889008,0.01054861,1
2019-07-12,18268631.66666667,42500.00000000,15961440.00000000,34272571.66666667,76304.16666667,0.00223136,0.00389359,22688124.21231277,-3565.45601173,-0.00006185,0.00227063,-0.00663963,0.01053323,0
2019-07-15,18284434.16666667,42500.00000000,15961440.00000000,34288374.16666667,15802.50000000,0.00046108,0.00435647,22842105.93225412,153981.71994136,0.00312363,0.00528803,-0.00138672,0.00574319,1
2019-07-16,18232298.33333333,42500.00000000,15961440.00000000,34236238.33333333,-52135.83333334,-0.00152051,0.00282934,22804983.45809854,-37122.47415558,-0.00075675,-0.00276538,-0.00414826,0.00697760,1
2019-07-17,18232792.50000000,42500.00000000,15961440.00000000,34236732.50000000,494.16666667,0.00001443,0.00284381,23120875.56073261,315892.10263407,0.00638561,0.00982938,0.00564035,-0.00279654,1
2019-07-18,18220836.66666667,42500.00000000,15961440.00000000,34224776.66666667,-11955.83333333,-0.00034921,0.00249361,23083110.81983268,-37764.74089993,-0.00075522,-0.00152967,0.00410205,-0.00160845,1
2019-07-19,18226270.83333333,42500.00000000,15961440.00000000,34230210.83333333,5434.16666666,0.00015878,0.00265278,23078121.47275607,-4989.34707661,-0.00010192,0.00001371,0.00411582,-0.00146303,0
2019-07-22,18253113.33333333,42500.00000000,15961440.00000000,34257053.33333333,26842.50000000,0.00078418,0.00343904,23058632.16202345,-19489.31073262,-0.00038584,0.00022657,0.00434331,-0.00090428,0
2019-07-23,18231037.50000000,42500.00000000,15961440.00000000,34234977.50000000,-22075.83333333,-0.00064442,0.00279240,22846984.37152151,-211647.79050195,-0.00423915,-0.00719985,-0.00288781,0.00568022,1
2019-07-24,18236521.66666667,69250.00000000,15961440.00000000,34267211.66666667,32234.16666667,0.00094156,0.00373659,22842518.56910479,-4465.80241672,-0.00007256,0.00086161,-0.00202869,0.00576528,0
2019-07-25,18217495.83333333,69250.00000000,15961440.00000000,34248185.83333333,-19025.83333334,-0.00055522,0.00317929,22718494.41478189,-124024.15432290,-0.00248862,-0.00443479,-0.00645449,0.00963378,1
2019-07-26,18262310.00000000,69250.00000000,15961440.00000000,34293000.00000000,44814.16666667,0.00130851,0.00449197,22741581.51185850,23087.09707661,0.00047139,0.00211443,-0.00435370,0.00884567,1
2019-07-29,18243212.50000000,69250.00000000,15961440.00000000,34273902.50000000,-19097.50000000,-0.00055689,0.00393257,22777047.95039799,35466.43853949,0.00071021,0.00050865,-0.00384727,0.00777984,0
2019-07-30,18203996.66666667,103000.00000000,15961440.00000000,34268436.66666667,-5465.83333333,-0.00015948,0.00377247,22859065.80657467,82017.85617668,0.00164707,0.00237757,-0.00147884,0.00525131,0
2019-07-31,18195366.66666667,103000.00000000,15961440.00000000,34259806.66666667,-8630.00000000,-0.00025184,0.00351969,23158020.12359264,298954.31701797,0.00599155,0.00899559,0.00750344,-0.00398376,0
2019-08-01,18138725.83333333,138625.00000000,15961440.00000000,34238790.83333333,-21015.83333334,-0.00061343,0.00290410,23739858.09018698,581837.96659434,0.01158805,0.01722193,0.02485460,-0.02195050,0
2019-08-02,18053370.00000000,138625.00000000,15961440.00000000,34153435.00000000,-85355.83333333,-0.00249296,0.00040390,24041593.71540332,301735.62521633,0.00591997,0.00653217,0.03154913,-0.03114522,0
2019-08-05,17926622.50000000,138625.00000000,15961440.00000000,34026687.50000000,-126747.50000000,-0.00371112,-0.00330871,24707003.72987818,665410.01447487,0.01301167,0.01615586,0.04821469,-0.05152341,0
2019-08-06,17838806.66666667,138625.00000000,15961440.00000000,33938871.66666667,-87815.83333333,-0.00258079,-0.00588097,24824394.41806710,117390.68818892,0.00213926,0.00087292,0.04912970,-0.05501067,0
2019-08-07,17858120.83333333,138625.00000000,15961440.00000000,33958185.83333333,19314.16666666,0.00056909,-0.00531523,24850488.26784587,26093.84977877,0.00051104,0.00133908,0.05053457,-0.05584980,1
2019-08-08,17927005.00000000,138625.00000000,15961440.00000000,34027070.00000000,68884.16666667,0.00202850,-0.00329751,24825131.86117046,-25356.40667541,-0.00057243,0.00128192,0.05188127,-0.05517878,0
2019-08-09,17906789.16666667,138625.00000000,15961440.00000000,34006854.16666667,-20215.83333333,-0.00059411,-0.00388966,24848039.23711561,22907.37594515,0.00052124,0.00007917,0.05196454,-0.05585420,0
2019-08-12,17882325.00000000,168625.00000000,15961440.00000000,34012390.00000000,5535.83333333,0.00016279,-0.00372751,25529533.45076977,681494.21365416,0.01299265,0.02020589,0.07322042,-0.07694793,1
2019-08-13,17781899.16666666,168625.00000000,15961440.00000000,33911964.16666666,-100425.83333334,-0.00295263,-0.00666913,25219750.36956939,-309783.08120039,-0.00605298,-0.01182550,0.06052905,-0.06719818,1
2019-08-14,17794703.33333334,168625.00000000,15961440.00000000,33924768.33333334,12804.16666667,0.00037757,-0.00629408,26118354.66744807,898604.29787868,0.01707612,0.02658850,0.08872693,-0.09502100,1
2019-08-15,17671297.50000000,168625.00000000,15961440.00000000,33801362.50000000,-123405.83333334,-0.00363763,-0.00990881,26370445.40610712,252090.73865905,0.00446438,0.00365689,0.09270828,-0.10261709,0
2019-08-16,17655561.66666666,168625.00000000,15961440.00000000,33785626.66666666,-15735.83333334,-0.00046554,-0.01036974,26000832.64886969,-369612.75723743,-0.00692712,-0.01091071,0.08078606,-0.09115580,1
2019-08-19,17681054.16666666,168625.00000000,15961440.00000000,33811119.16666666,25492.50000000,0.00075454,-0.00962303,25517686.24934960,-483146.39952009,-0.00889638,-0.01310089,0.06662680,-0.07624983,0
2019-08-20,17738878.33333334,168625.00000000,15961440.00000000,33868943.33333334,57824.16666667,0.00171021,-0.00792927,25855993.76115090,338307.51180130,0.00629362,0.01149027,0.07888264,-0.08681191,1
2019-08-21,17775962.50000000,168625.00000000,15961440.00000000,33906027.50000000,37084.16666666,0.00109493,-0.00684302,25569276.00998941,-286717.75116149,-0.00539227,-0.00715867,0.07115928,-0.07800230,0
2019-08-22,18816496.66666666,168625.00000000,14961440.00000000,33946561.66666666,40534.16666666,0.00119549,-0.00565572,25369778.26792798,-199497.74206143,-0.00367351,-0.00459142,0.06624114,-0.07189685,0
2019-08-23,18830560.83333333,168625.00000000,14961440.00000000,33960625.83333333,14064.16666666,0.00041430,-0.00524376,26007908.28240284,638130.01447486,0.01203928,0.01892452,0.08641924,-0.09166299,1
2019-08-26,18749603.33333333,168625.00000000,14961440.00000000,33879668.33333333,-80957.50000000,-0.00238386,-0.00761512,25805078.40378413,-202829.87861871,-0.00384255,-0.00808163,0.07763920,-0.08525432,1
2019-08-27,18769397.50000000,202625.00000000,14961440.00000000,33933462.50000000,53794.16666667,0.00158780,-0.00603941,26244825.95050131,439747.54671719,0.00801345,0.01416948,0.09290878,-0.09894819,1
2019-08-28,18713640.55555555,202625.00000000,14961440.00000000,33877705.55555555,-55756.94444445,-0.00164313,-0.00767261,26194770.98730751,-50054.96319380,-0.00107732,-0.00299539,0.08963509,-0.09730770,1
2019-08-29,18691773.61111111,202625.00000000,14961440.00000000,33855838.61111110,-21866.94444445,-0.00064547,-0.00831313,25992792.28812821,-201978.69917930,-0.00381253,-0.00635581,0.08270958,-0.09102270,1
2019-08-30,18688736.66666667,202625.00000000,14961440.00000000,33852801.66666667,-3036.94444443,-0.00008970,-0.00840208,25996028.72666769,3236.43853948,0.00004905,0.00000570,0.08271575,-0.09111783,0
2019-09-02,18694452.77777778,202625.00000000,14961440.00000000,33858517.77777778,5716.11111110,0.00016885,-0.00823465,25985716.22666769,-10312.50000000,-0.00020625,-0.00013134,0.08257354,-0.09080819,0
2019-09-03,18640985.83333334,202625.00000000,14961440.00000000,33805050.83333334,-53466.94444444,-0.00157913,-0.00980078,26108230.41561311,122514.18894542,0.00237543,0.00197330,0.08470978,-0.09451055,0
2019-09-04,18611208.88888889,202625.00000000,14961440.00000000,33775273.88888889,-29776.94444445,-0.00088084,-0.01067299,26082352.48506754,-25877.93054557,-0.00060522,-0.00158742,0.08298788,-0.09366087,1
2019-09-05,18636401.94444444,202625.00000000,14961440.00000000,33800466.94444445,25193.05555556,0.00074590,-0.00993504,25464895.26575721,-617457.21931033,-0.01127146,-0.01691980,0.06466395,-0.07459899,0
2019-09-06,18647955.00000000,202625.00000000,14961440.00000000,33812020.00000000,11553.05555555,0.00034180,-0.00959664,25594100.74505049,129205.47929328,0.00223281,0.00409040,0.06901885,-0.07861549,1
2019-09-09,18663554.16666667,202625.00000000,14961440.00000000,33827619.16666667,15599.16666667,0.00046135,-0.00913972,25088489.30495835,-505611.44009214,-0.00916562,-0.01418159,0.05385846,-0.06299818,0
2019-09-10,18668677.22222222,202625.00000000,14961440.00000000,33832742.22222222,5123.05555555,0.00015145,-0.00898965,24609665.34515401,-478823.95980434,-0.00881481,-0.01390674,0.03920273,-0.04819238,0
2019-09-11,18687780.27777778,202625.00000000,14961440.00000000,33851845.27777778,19103.05555555,0.00056463,-0.00843010,24523570.89519054,-86094.44996347,-0.00166160,-0.00199444,0.03713010,-0.04556019,0
2019-09-12,18704333.33333334,202625.00000000,14961440.00000000,33868398.33333334,16553.05555556,0.00048899,-0.00794523,24310967.32562447,-212603.56956607,-0.00403603,-0.00584841,0.03106453,-0.03900977,0
2019-09-13,18728916.38888889,202625.00000000,14961440.00000000,33892981.38888889,24583.05555555,0.00072584,-0.00722516,23720180.89533262,-590786.43029186,-0.01118586,-0.01698986,0.01354689,-0.02077205,0
2019-09-16,18758885.55555556,202625.00000000,14961440.00000000,33922950.55555555,29969.16666666,0.00088423,-0.00634732,24029488.33490721,309307.43957459,0.00595447,0.01035651,0.02404369,-0.03039101,1
2019-09-17,18754918.61111111,202625.00000000,14961440.00000000,33918983.61111110,-3966.94444445,-0.00011694,-0.00646352,24184599.93479761,155111.59989040,0.00296781,0.00456644,0.02871993,-0.03518344,0
2019-09-18,18759691.66666667,202625.00000000,14961440.00000000,33923756.66666667,4773.05555557,0.00014072,-0.00632371,24302355.27518202,117755.34038441,0.00223785,0.00368505,0.03251081,-0.03883451,1
2019-09-19,18726374.72222222,202625.00000000,14961440.00000000,33890439.72222222,-33316.94444445,-0.00098211,-0.00729961,24449021.69482115,146666.41963914,0.00284348,0.00339647,0.03601770,-0.04331731,0
2019-09-20,19759597.77777778,202625.00000000,13966640.00000000,33928862.77777778,38423.05555555,0.00113374,-0.00617414,25135629.49519257,686607.80037142,0.01331651,0.02165173,0.05844928,-0.06462342,1
2019-09-23,19734436.94444444,202625.00000000,13966640.00000000,33903701.94444445,-25160.83333333,-0.00074158,-0.00691114,25099394.86468354,-36234.63050903,-0.00071654,-0.00179461,0.05654978,-0.06346092,1
2019-09-24,19747010.00000000,202625.00000000,13966640.00000000,33916275.00000000,12573.05555555,0.00037085,-0.00654286,25471645.62481872,372250.76013517,0.00698250,0.01126874,0.06845576,-0.07499862,1
2019-09-25,19683783.05555556,202625.00000000,13966640.00000000,33853048.05555555,-63226.94444445,-0.00186421,-0.00839487,25037440.07555344,-434205.54926528,-0.00802798,-0.01440393,0.05306580,-0.06146067,1
2019-09-26,19708586.11111111,243875.00000000,13966640.00000000,33919101.11111110,66053.05555555,0.00195117,-0.00646008,25241441.43494983,204001.35939640,0.00384275,0.00793413,0.06142096,-0.06788103,1
2019-09-27,19735808.33333334,243875.00000000,13966640.00000000,33946323.33333334,27222.22222223,0.00080256,-0.00566270,25453806.47998489,212365.04503506,0.00414811,0.00426707,0.06595012,-0.07161282,1
2019-09-30,19696411.11111111,291375.00000000,13966640.00000000,33954426.11111111,8102.77777778,0.00023869,-0.00542536,25439020.21283924,-14786.26714565,-0.00039790,-0.00019399,0.06574334,-0.07116869,0
2019-10-01,19737823.33333334,291375.00000000,13966640.00000000,33995838.33333334,41412.22222222,0.00121964,-0.00421233,25579957.07149543,140936.85865619,0.00268949,0.00529364,0.07138500,-0.07559733,1
2019-10-02,19681785.55555556,291375.00000000,13966640.00000000,33939800.55555555,-56037.77777778,-0.00164837,-0.00585376,25778494.40628148,198537.33478605,0.00386170,0.00411501,0.07579376,-0.08164752,0
2019-10-03,19716807.77777778,291375.00000000,13966640.00000000,33974822.77777778,35022.22222222,0.00103189,-0.00482791,26025437.81949564,246943.41321416,0.00451959,0.00810906,0.08451744,-0.08934534,1
2019-10-04,19730830.00000000,291375.00000000,13966640.00000000,33988845.00000000,14022.22222222,0.00041272,-0.00441718,26099101.73756797,73663.91807233,0.00109716,0.00250148,0.08723034,-0.09164752,1
2019-10-07,19724236.66666666,291375.00000000,13966640.00000000,33982251.66666666,-6593.33333334,-0.00019399,-0.00461030,25900217.48823129,-198884.24933668,-0.00352176,-0.00584718,0.08087311,-0.08548342,1
2019-10-08,19751818.88888888,291375.00000000,13966640.00000000,34009833.88888888,27582.22222222,0.00081167,-0.00380238,26067788.21262643,167570.72439514,0.00321565,0.00558604,0.08691091,-0.09071329,1
2019-10-09,19737971.11111111,291375.00000000,13966640.00000000,33995986.11111111,-13847.77777777,-0.00040717,-0.00420800,25850934.80542117,-216853.40720527,-0.00404397,-0.00656688,0.07977329,-0.08398130,1
2019-10-10,19750043.33333334,291375.00000000,13966640.00000000,34008058.33333334,12072.22222222,0.00035511,-0.00385439,25384096.39137055,-466838.41405061,-0.00861027,-0.01303043,0.06570338,-0.06955777,0
2019-10-11,19768915.55555556,331125.00000000,13966640.00000000,34066680.55555555,58622.22222222,0.00172377,-0.00213726,24932644.37500691,-451452.01636364,-0.00852650,-0.01140437,0.05354970,-0.05568696,0
2019-10-14,19786222.22222222,331125.00000000,13966640.00000000,34083987.22222222,17306.66666667,0.00050802,-0.00163032,25116111.54778642,183467.17277951,0.00342305,0.00589597,0.05976140,-0.06139172,1
2019-10-15,19748284.44444444,377375.00000000,13966640.00000000,34092299.44444445,8312.22222222,0.00024387,-0.00138684,24713530.28334077,-402581.26444565,-0.00759484,-0.01151033,0.04756319,-0.04895004,0
2019-10-16,19742156.66666666,414625.00000000,13966640.00000000,34123421.66666666,31122.22222222,0.00091288,-0.00047523,24731140.88400304,17610.60066227,0.00031416,0.00143928,0.04907093,-0.04954616,1
2019-10-17,19682878.88888888,414625.00000000,13966640.00000000,34064143.88888888,-59277.77777778,-0.00173716,-0.00221156,24645209.56494223,-85931.31906081,-0.00164102,-0.00428245,0.04457833,-0.04678990,1
2019-10-18,19585961.11111111,414625.00000000,13966640.00000000,33967226.11111111,-96917.77777777,-0.00284516,-0.00505043,24627987.34272000,-17222.22222222,-0.00034444,-0.00338065,0.04104698,-0.04609741,1
2019-10-21,19601857.77777778,414625.00000000,13966640.00000000,33983122.77777778,15896.66666666,0.00046800,-0.00458479,24363760.45609814,-264226.88662186,-0.00505404,-0.00738011,0.03336395,-0.03794873,0
2019-10-22,19696970.00000000,414625.00000000,13966640.00000000,34078235.00000000,95112.22222222,0.00279881,-0.00179881,24551462.40975890,187701.95366075,0.00359821,0.00846742,0.04211387,-0.04391269,1
2019-10-23,19665262.22222222,414625.00000000,13966640.00000000,34046527.22222222,-31707.77777778,-0.00093044,-0.00272758,24538171.62991213,-13290.77984676,-0.00029568,-0.00133594,0.04072167,-0.04344925,1
2019-10-24,19634539.44444444,449000.00000000,13966640.00000000,34050179.44444445,3652.22222222,0.00010727,-0.00262060,24498061.52293898,-40110.10697315,-0.00074147,-0.00108383,0.03959371,-0.04221431,0
2019-10-25,20652961.66666666,449000.00000000,12966640.00000000,34068601.66666666,18422.22222222,0.00054103,-0.00208099,24342021.10703958,-156040.41589940,-0.00297817,-0.00409558,0.03533597,-0.03741696,0
2019-10-28,20686588.33333334,449000.00000000,12966640.00000000,34102228.33333334,33626.66666667,0.00098703,-0.00109601,24074784.55685451,-267236.55018506,-0.00510268,-0.00698093,0.02810836,-0.02920438,0
2019-10-29,20696760.55555556,449000.00000000,12966640.00000000,34112400.55555555,10172.22222222,0.00029829,-0.00079805,24118566.47615937,43781.91930486,0.00086133,0.00162364,0.02977764,-0.03057569,1
2019-10-30,20626277.77777778,513375.00000000,12966640.00000000,34106292.77777778,-6107.77777778,-0.00017905,-0.00097696,24489985.55232047,371419.07616110,0.00710403,0.01097547,0.04107993,-0.04205689,0
2019-10-31,20584977.77777778,552750.00000000,12966640.00000000,34104367.77777778,-1925.00000000,-0.00005644,-0.00103335,24908623.64627577,418638.09395531,0.00797068,0.01238387,0.05397253,-0.05500587,0
2019-11-01,20444588.75000000,552750.00000000,12966640.00000000,33963978.75000000,-140389.02777778,-0.00411645,-0.00514554,24727032.88755549,-181590.75872028,-0.00351817,-0.00945154,0.04401086,-0.04915641,1
2019-11-04,20431261.66666666,552750.00000000,12966640.00000000,33950651.66666666,-13327.08333334,-0.00039239,-0.00553591,24310923.39992324,-416109.48763225,-0.00785757,-0.01272616,0.03072461,-0.03626053,1
2019-11-05,20462872.63888888,552750.00000000,12966640.00000000,33982262.63888888,31610.97222222,0.00093109,-0.00460998,24025707.40807370,-285215.99184954,-0.00538655,-0.00761235,0.02287838,-0.02748837,0
2019-11-06,20492243.61111111,552750.00000000,12966640.00000000,34011633.61111111,29370.97222223,0.00086430,-0.00374966,24194968.59704832,169261.18897462,0.00325019,0.00600799,0.02902382,-0.03277348,1
2019-11-07,20538384.58333334,552750.00000000,12966640.00000000,34057774.58333334,46140.97222222,0.00135662,-0.00239813,23695133.77892667,-499834.81812165,-0.00953512,-0.01364083,0.01498708,-0.01738521,0
2019-11-08,20540895.55555556,552750.00000000,12966640.00000000,34060285.55555555,2510.97222222,0.00007373,-0.00232458,23608588.91419760,-86544.86472906,-0.00166376,-0.00256152,0.01238718,-0.01471175,0
2019-11-11,20554238.47222222,552750.00000000,12966640.00000000,34073628.47222222,13342.91666667,0.00039174,-0.00193374,23615313.29119724,6724.37699963,0.00012529,0.00061326,0.01300803,-0.01494178,1
2019-11-12,20564169.44444444,552750.00000000,12966640.00000000,34083559.44444445,9930.97222222,0.00029146,-0.00164285,23761159.46339984,145846.17220260,0.00285204,0.00475767,0.01782759,-0.01947044,1
2019-11-13,20563440.41666666,552750.00000000,12966640.00000000,34082830.41666666,-729.02777778,-0.00002139,-0.00166421,23970391.40429245,209231.94089262,0.00407766,0.00633784,0.02427842,-0.02594262,0
2019-11-14,21574176.38888888,589625.00000000,11966640.00000000,34130441.38888888,47610.97222222,0.00139692,-0.00026961,24256994.14701320,286602.74272075,0.00552711,0.01009507,0.03461858,-0.03488820,1
2019-11-15,21582117.36111111,589625.00000000,11966640.00000000,34138382.36111111,7940.97222223,0.00023267,-0.00003701,24207433.86348145,-49560.28353175,-0.00096379,-0.00124457,0.03333093,-0.03336794,0
2019-11-18,21606250.27777778,589625.00000000,11966640.00000000,34162515.27777778,24132.91666666,0.00070691,0.00066988,24267470.37307140,60036.50958994,0.00115602,0.00252010,0.03593503,-0.03526515,1
2019-11-19,21544281.25000000,589625.00000000,11966640.00000000,34100546.25000000,-61969.02777778,-0.00181395,-0.00114528,24546889.91718514,279419.54411374,0.00537516,0.00649428,0.04266269,-0.04380797,0
2019-11-20,21545402.22222222,619000.00000000,11966640.00000000,34131042.22222222,30495.97222222,0.00089430,-0.00025201,24870717.76263713,323827.84545200,0.00616644,0.01051380,0.05362504,-0.05387705,1
2019-11-21,21517946.38888889,619000.00000000,11966640.00000000,34103586.38888890,-27455.83333333,-0.00080442,-0.00105623,24706216.89845269,-164500.86418444,-0.00306811,-0.00563664,0.04768613,-0.04874236,1
2019-11-22,22451990.55555555,619000.00000000,10976490.00000000,34047480.55555555,-56105.83333334,-0.00164516,-0.00269966,24662712.48578529,-43504.41266740,-0.00091145,-0.00294155,0.04460431,-0.04730397,1
2019-11-25,22480873.05555556,619000.00000000,10976490.00000000,34076363.05555555,28882.50000000,0.00084830,-0.00185364,24642678.21129888,-20034.27448641,-0.00049677,0.00026206,0.04487806,-0.04673171,0
2019-11-26,22463667.22222222,619000.00000000,10976490.00000000,34059157.22222222,-17205.83333333,-0.00050492,-0.00235763,24752549.86339566,109871.65209678,0.00199668,0.00274383,0.04774503,-0.05010266,0
2019-11-27,22466111.38888889,619000.00000000,10976490.00000000,34061601.38888889,2444.16666666,0.00007176,-0.00228604,24648826.68681246,-103723.17658320,-0.00196558,-0.00299066,0.04461158,-0.04689762,0
2019-11-28,22470285.55555555,619000.00000000,10976490.00000000,34065775.55555555,4174.16666666,0.00012255,-0.00216377,24645389.18681246,-3437.50000000,-0.00006875,0.00002182,0.04463437,-0.04679814,0
2019-11-29,22380429.72222222,619000.00000000,10976490.00000000,33975919.72222222,-89855.83333333,-0.00263772,-0.00479578,24605864.67530453,-39524.51150793,-0.00071393,-0.00383184,0.04063150,-0.04542728,1
2019-12-02,22297032.22222222,656500.00000000,10976490.00000000,33930022.22222222,-45897.50000000,-0.00135088,-0.00614018,24281378.43934764,-324486.23595689,-0.00602685,-0.01101180,0.02917228,-0.03531246,1
2019-12-03,21765984.72222222,656500.00000000,10976490.00000000,33398974.72222222,-531047.50000000,-0.01565126,-0.02169534,24863254.25621063,581875.81686299,0.01105781,0.00152799,0.03074485,-0.05244018,0
2019-12-04,21812167.22222222,688750.00000000,10976490.00000000,33477407.22222222,78432.50000000,0.00234835,-0.01939793,24529543.46559706,-333710.79061358,-0.00628769,-0.00766242,0.02284684,-0.04224478,0
2019-12-05,21782479.72222222,737500.00000000,10976490.00000000,33496469.72222222,19062.50000000,0.00056941,-0.01883957,24403943.69624926,-125599.76934779,-0.00234986,-0.00322251,0.01955071,-0.03839028,0
2019-12-06,21758732.22222222,737500.00000000,10976490.00000000,33472722.22222222,-23747.50000000,-0.00070896,-0.01953516,24195801.23109595,-208142.46515331,-0.00399270,-0.00703682,0.01237632,-0.03191148,1
2019-12-09,21725249.72222222,737500.00000000,10976490.00000000,33439239.72222222,-33482.50000000,-0.00100029,-0.02051592,24308905.44902154,113104.21792558,0.00220179,0.00243328,0.01483972,-0.03535563,0
2019-12-10,21715412.22222222,737500.00000000,10976490.00000000,33429402.22222222,-9837.50000000,-0.00029419,-0.02080407,24307987.15919121,-918.28983032,-0.00002045,-0.00032791,0.01450694,-0.03531101,1
2019-12-11,21672384.72222222,737500.00000000,10976490.00000000,33386374.72222222,-43027.50000000,-0.00128712,-0.02206441,24230027.76260946,-77959.39658175,-0.00178704,-0.00368966,0.01076376,-0.03282817,1
2019-12-12,21620347.22222222,737500.00000000,10976490.00000000,33334337.22222222,-52037.50000000,-0.00155864,-0.02358866,23737123.22945842,-492904.53315104,-0.00931263,-0.01668030,-0.00609609,-0.01749257,1
2019-12-13,21747619.72222222,737500.00000000,10976490.00000000,33461609.72222222,127272.50000000,0.00381806,-0.01986067,24014709.41168303,277586.18222461,0.00526984,0.01260266,0.00642975,-0.02629041,1
2019-12-16,21805417.22222222,737500.00000000,10976490.00000000,33519407.22222222,57797.50000000,0.00172728,-0.01816769,23691233.48913231,-323475.92255071,-0.00619591,-0.00816726,-0.00179002,-0.01637767,0
2019-12-17,21917039.72222222,737500.00000000,10976490.00000000,33631029.72222222,111622.50000000,0.00333009,-0.01489811,23641509.58842121,-49723.90071110,-0.00095909,0.00191850,0.00012505,-0.01502315,0
2019-12-18,21991202.22222222,737500.00000000,10976490.00000000,33705192.22222222,74162.50000000,0.00220518,-0.01272578,23383075.19325466,-258434.39516655,-0.00496388,-0.00570044,-0.00557610,-0.00714968,0
2019-12-19,21997704.72222222,737500.00000000,10976490.00000000,33711694.72222222,6502.50000000,0.00019292,-0.01253531,23432463.34987379,49388.15661913,0.00095486,0.00173889,-0.00384691,-0.00868840,1
2019-12-20,22065537.22222222,737500.00000000,10976490.00000000,33779527.22222222,67832.50000000,0.00201214,-0.01054840,23751190.44255444,318727.09268065,0.00634625,0.01200587,0.00811277,-0.01866117,1
2019-12-23,22098684.72222222,737500.00000000,10976490.00000000,33812674.72222222,33147.50000000,0.00098129,-0.00957746,23696125.47846483,-55064.96408961,-0.00106890,-0.00067264,0.00743467,-0.01701213,0
2019-12-24,22124167.22222222,737500.00000000,10976490.00000000,33838157.22222222,25482.50000000,0.00075364,-0.00883104,23753580.89754397,57455.41907915,0.00108800,0.00254706,0.01000067,-0.01883171,1
2019-12-25,22125829.72222222,737500.00000000,10976490.00000000,33839819.72222222,1662.50000000,0.00004913,-0.00878234,23750143.39754397,-3437.50000000,-0.00006875,-0.00005437,0.00994575,-0.01872810,0
2019-12-26,22104202.22222222,737500.00000000,10976490.00000000,33818192.22222222,-21627.50000000,-0.00063911,-0.00941584,23777132.70239624,26989.30485226,0.00048463,0.00016425,0.01011164,-0.01952749,0
2019-12-27,22113694.72222222,737500.00000000,10976490.00000000,33827684.72222222,9492.50000000,0.00028069,-0.00913780,23784331.71349824,7199.01110201,0.00011759,0.00051125,0.01062806,-0.01976585,1
2019-12-30,22039975.55555556,811750.00000000,10976490.00000000,33828215.55555555,530.83333333,0.00001569,-0.00912225,23704510.27613502,-79821.43736323,-0.00150647,-0.00242736,0.00817490,-0.01729715,0
2019-12-31,22061515.55555556,811750.00000000,10976490.00000000,33849755.55555555,21540.00000000,0.00063675,-0.00849131,23458552.93531701,-245957.34081801,-0.00469588,-0.00688690,0.00123170,-0.00972301,0
2020-01-01,22082388.05555556,811750.00000000,10976490.00000000,33870628.05555555,20872.50000000,0.00061662,-0.00787992,23455115.43531701,-3437.50000000,-0.00006875,0.00053875,0.00177112,-0.00965104,0
2020-01-02,22071460.55555556,811750.00000000,10976490.00000000,33859700.55555555,-10927.50000000,-0.00032262,-0.00820001,23688731.98567458,233616.55035757,0.00447206,0.00687755,0.00866085,-0.01686085,0
2020-01-03,22144563.05555556,811750.00000000,10976490.00000000,33932803.05555555,73102.50000000,0.00215898,-0.00605873,24158090.49886157,469358.51318699,0.00902550,0.01663898,0.02544393,-0.03150266,1
2020-01-06,22213980.55555556,811750.00000000,10976490.00000000,34002220.55555555,69417.50000000,0.00204573,-0.00402539,23998357.99946399,-159732.49939758,-0.00301530,-0.00272490,0.02264970,-0.02667508,0
2020-01-07,22259223.05555556,811750.00000000,10976490.00000000,34047463.05555555,45242.50000000,0.00133057,-0.00270017,23900627.56273086,-97730.43673313,-0.00181315,-0.00158795,0.02102578,-0.02372595,0
2020-01-08,22212715.55555556,811750.00000000,10976490.00000000,34000955.55555555,-46507.50000000,-0.00136596,-0.00406244,23690080.58942956,-210546.97330130,-0.00404033,-0.00778918,0.01307283,-0.01713527,1
2020-01-09,23260908.05555556,811750.00000000,9993310.00000000,34065968.05555555,65012.50000000,0.00191208,-0.00215813,23732204.60645344,42124.01702388,0.00076352,0.00327190,0.01638751,-0.01854563,1
2020-01-10,23297510.55555556,811750.00000000,9993310.00000000,34102570.55555555,36602.50000000,0.00107446,-0.00108599,23986591.01774808,254386.41129464,0.00487147,0.00885769,0.02539035,-0.02647634,1
2020-01-13,23280198.05555556,811750.00000000,9993310.00000000,34085258.05555555,-17312.50000000,-0.00050766,-0.00159310,23897445.56602069,-89145.45172739,-0.00169497,-0.00321212,0.02209667,-0.02368977,1
2020-01-14,23312210.55555556,811750.00000000,9993310.00000000,34117270.55555555,32012.50000000,0.00093919,-0.00065540,24058741.57978242,161296.01376173,0.00308506,0.00585143,0.02807740,-0.02873281,1
2020-01-15,26241833.05555556,858000.00000000,6993310.00000000,34093143.05555555,-24127.50000000,-0.00070719,-0.00136213,24241414.46887305,182672.88909063,0.00345389,0.00477124,0.03298260,-0.03434474,0
2020-01-16,27034712.50000000,858000.00000000,5993310.00000000,33886022.50000000,-207120.55555555,-0.00607514,-0.00742900,24128099.64573669,-113314.82313635,-0.00216040,-0.00959734,0.02306872,-0.03049772,1
2020-01-17,27026291.94444444,858000.00000000,5993310.00000000,33877601.94444445,-8420.55555555,-0.00024850,-0.00767565,23887482.31602069,-240617.32971600,-0.00453941,-0.00753120,0.01536379,-0.02303944,1
2020-01-20,27028210.27777778,858000.00000000,5993310.00000000,33879520.27777778,1918.33333333,0.00005663,-0.00761946,23877169.81602069,-10312.50000000,-0.00020625,-0.00025578,0.01510408,-0.02272354,0
2020-01-21,26896459.72222222,886500.00000000,5993310.00000000,33776269.72222222,-103250.55555555,-0.00304758,-0.01064382,24225229.42512279,348059.60910210,0.00667353,0.00746140,0.02267818,-0.03332200,0
2020-01-22,26897007.50000000,955125.00000000,5993310.00000000,33845442.50000000,69172.77777778,0.00204797,-0.00861764,24314645.40231635,89415.97719356,0.00167265,0.00479774,0.02758472,-0.03620237,1
2020-01-23,26896846.52777778,1004875.00000000,5993310.00000000,33895031.52777778,49589.02777778,0.00146516,-0.00716511,24557700.85670345,243055.45438711,0.00461746,0.00881102,0.03663879,-0.04380390,1
2020-01-24,26885061.94444444,1031625.00000000,5993310.00000000,33909996.94444445,14965.41666667,0.00044152,-0.00672675,24837177.03236226,279476.17565880,0.00527780,0.00878770,0.04574846,-0.05247521,1
2020-01-27,26891128.19444444,1031625.00000000,5993310.00000000,33916063.19444445,6066.25000000,0.00017889,-0.00654906,25412727.35821367,575550.32585142,0.01084380,0.01720730,0.06374297,-0.07029203,1
2020-01-28,26880343.61111111,1031625.00000000,5993310.00000000,33905278.61111110,-10784.58333334,-0.00031798,-0.00686496,25044615.34379416,-368112.01441952,-0.00696020,-0.01102014,0.05202037,-0.05888532,1
2020-01-29,26783959.02777778,1031625.00000000,5993310.00000000,33808894.02777778,-96384.58333333,-0.00284276,-0.00968820,25374702.29883905,330086.95504489,0.00614191,0.00687294,0.05925083,-0.06893904,0
2020-01-30,26609154.44444444,1065375.00000000,5993310.00000000,33667839.44444445,-141054.58333333,-0.00417211,-0.01381990,25316302.92024802,-58399.37859103,-0.00117523,-0.00582569,0.05307997,-0.06689987,1
2020-01-31,26689094.44444444,1065375.00000000,5993310.00000000,33747779.44444445,79940.00000000,0.00237437,-0.01147834,25651679.63965706,335376.71940904,0.00622869,0.01220173,0.06592937,-0.07740770,1
2020-02-03,26566399.86111111,1101000.00000000,5993310.00000000,33660709.86111111,-87069.58333334,-0.00258001,-0.01402873,25631318.68259547,-20360.95706159,-0.00036072,-0.00311819,0.06260560,-0.07663433,1
2020-02-04,26585585.27777778,1101000.00000000,5993310.00000000,33679895.27777778,19185.41666666,0.00056996,-0.01346676,25117060.38852417,-514258.29407130,-0.00951698,-0.01441452,0.04728864,-0.06075540,0
2020-02-05,26615380.69444444,1101000.00000000,5993310.00000000,33709690.69444445,29795.41666667,0.00088466,-0.01259401,24695547.37208888,-421513.01643529,-0.00788859,-0.01157204,0.03516937,-0.04776339,0
2020-02-06,26715806.11111111,1101000.00000000,5993310.00000000,33810116.11111110,100425.41666666,0.00297913,-0.00965241,24833472.32215013,137924.95006126,0.00256232,0.00712373,0.04254364,-0.05219605,1
2020-02-07,26715551.52777778,1101000.00000000,5993310.00000000,33809861.52777778,-254.58333333,-0.00000753,-0.00965986,25234094.26819275,400621.94604262,0.00743872,0.01188140,0.05493053,-0.06459039,0
2020-02-10,26733867.77777778,1101000.00000000,5993310.00000000,33828177.77777778,18316.25000000,0.00054174,-0.00912335,25274174.50599844,40080.23780569,0.00065539,0.00171264,0.05673724,-0.06586060,1
2020-02-11,26707189.86111111,1131000.00000000,5993310.00000000,33831499.86111111,3322.08333334,0.00009820,-0.00902604,25085875.20799245,-188299.29800600,-0.00349219,-0.00541570,0.05101427,-0.06004032,0
2020-02-12,26735065.27777778,1131000.00000000,5993310.00000000,33859375.27777778,27875.41666666,0.00082395,-0.00820953,24904512.20891685,-181362.99907560,-0.00336619,-0.00451823,0.04626555,-0.05447508,0
2020-02-13,26722970.69444444,1131000.00000000,5993310.00000000,33847280.69444445,-12094.58333333,-0.00035720,-0.00856380,25018713.06103337,114200.85211652,0.00209704,0.00301935,0.04942460,-0.05798840,0
2020-02-14,26786336.11111111,1131000.00000000,5993310.00000000,33910646.11111111,63365.41666666,0.00187210,-0.00670774,25173133.09985534,154420.03882197,0.00286586,0.00642068,0.05616261,-0.06287035,1
2020-02-17,26801002.36111111,1131000.00000000,5993310.00000000,33925312.36111110,14666.24999999,0.00043250,-0.00627814,25188070.71096645,14937.61111111,0.00029875,0.00086720,0.05707852,-0.06335666,1
2020-02-18,26807017.77777778,1131000.00000000,5993310.00000000,33931327.77777778,6015.41666667,0.00017731,-0.00610194,25418370.51592880,230299.80496235,0.00424129,0.00691652,0.06438983,-0.07049177,1
2020-02-19,26740883.19444444,1131000.00000000,5993310.00000000,33865193.19444445,-66134.58333333,-0.00194907,-0.00803912,25401411.32691175,-16959.18901706,-0.00033525,-0.00241530,0.06181901,-0.06985813,1
2020-02-20,26771028.61111111,1131000.00000000,5993310.00000000,33895338.61111111,30145.41666666,0.00089016,-0.00715611,25637905.49618493,236494.16927319,0.00428335,0.00776922,0.07006851,-0.07722463,1
2020-02-21,26603234.02777778,1131000.00000000,5993310.00000000,33727544.02777778,-167794.58333334,-0.00495037,-0.01207106,25964048.96647440,326143.47028947,0.00594968,0.00457833,0.07496764,-0.08703870,0
2020-02-24,26549670.27777778,1131000.00000000,5993310.00000000,33673980.27777778,-53563.75000000,-0.00158813,-0.01364002,26728204.05070723,764155.08423282,0.01428872,0.02045162,0.09695247,-0.11059249,0
2020-02-25,26534495.69444444,1131000.00000000,5993310.00000000,33658805.69444445,-15174.58333333,-0.00045063,-0.01408451,27006367.79747122,278163.74676399,0.00516360,0.00741743,0.10508904,-0.11917355,0
2020-02-26,26447231.11111111,1131000.00000000,5993310.00000000,33571541.11111111,-87264.58333334,-0.00259262,-0.01664062,26911126.49515167,-95241.30231955,-0.00149105,-0.00510955,0.09944253,-0.11608314,1
2020-02-27,26307786.52777778,1165000.00000000,5993310.00000000,33466096.52777778,-105444.58333333,-0.00314089,-0.01972924,27531714.00017528,620587.50502361,0.01159737,0.01449634,0.11538042,-0.13510966,0
2020-02-28,26053231.94444444,1165000.00000000,5993310.00000000,33211541.94444444,-254554.58333334,-0.00760634,-0.02718552,28145826.52372008,614112.52354480,0.01044607,0.00997354,0.12650471,-0.15369023,0
2020-03-02,26001343.61111111,1165000.00000000,5993310.00000000,33159653.61111111,-51888.33333333,-0.00156236,-0.02870540,27862645.63477891,-283180.88894117,-0.00496997,-0.00920248,0.11613807,-0.14484348,1
2020-03-03,26172969.02777778,1165000.00000000,5993310.00000000,33331279.02777778,171625.41666666,0.00517573,-0.02367824,28555718.61110189,693072.97632297,0.01246307,0.02396901,0.14289080,-0.16656904,1
2020-03-04,26112224.44444444,1165000.00000000,5993310.00000000,33270534.44444444,-60744.58333333,-0.00182245,-0.02545754,28032186.04006465,-523532.57103724,-0.00941696,-0.01581676,0.12481397,-0.15027151,1
2020-03-05,26192099.86111111,1165000.00000000,5993310.00000000,33350409.86111111,79875.41666666,0.00240079,-0.02311787,29179631.98700060,1147445.94693596,0.02063730,0.03375833,0.16278580,-0.18590368,1
2020-03-06,25915335.27777778,1165000.00000000,5993310.00000000,33073645.27777778,-276764.58333333,-0.00829869,-0.03122471,31121831.11932368,1942199.13232308,0.03324278,0.04431300,0.21431233,-0.24553704,0
2020-03-09,24881681.52777778,1165000.00000000,5993310.00000000,32039991.52777778,-1033653.75000000,-0.03125309,-0.06150194,33052397.00410966,1930565.88478598,0.03483729,0.02285193,0.24206171,-0.30356364,0
2020-03-10,24915916.94444444,1165000.00000000,5993310.00000000,32074226.94444444,34235.41666666,0.00106852,-0.06049913,31224156.67803621,-1828240.32607345,-0.02853916,-0.04468726,0.18655737,-0.24705650,0
2020-03-11,24660912.36111111,1165000.00000000,5993310.00000000,31819222.36111111,-255004.58333333,-0.00795045,-0.06796859,30611956.76045653,-612199.91757968,-0.00772086,-0.02261185,0.15972711,-0.22769570,1
2020-03-12,24241137.77777778,1165000.00000000,5993310.00000000,31399447.77777778,-419774.58333333,-0.01319248,-0.08026440,31630823.46005405,1018866.69959752,0.01975765,0.01598237,0.17826229,-0.25852669,0
2020-03-13,23746773.19444444,1165000.00000000,5993310.00000000,30905083.19444444,-494364.58333334,-0.01574437,-0.09474506,29800527.57922336,-1830295.88083069,-0.03426162,-0.06104089,0.10634012,-0.20108517,1
2020-03-16,23529739.44444444,1165000.00000000,5993310.00000000,30688049.44444444,-217033.75000000,-0.00702259,-0.10110229,32731502.46561643,2930974.88639307,0.05278616,0.07589533,0.19030617,-0.29140846,0
2020-03-17,23257184.86111111,1165000.00000000,5993310.00000000,30415494.86111111,-272554.58333333,-0.00888146,-0.10908581,30415483.35304584,-2316019.11257059,-0.03776603,-0.06728297,0.11021883,-0.21930465,1
2020-03-18,23157050.27777778,1165000.00000000,5993310.00000000,30315360.27777778,-100134.58333333,-0.00329222,-0.11201890,29443869.29342244,-971614.05962339,-0.01455886,-0.02986673,0.07706023,-0.18907913,1
2020-03-19,22429945.69444444,1165000.00000000,5993310.00000000,29588255.69444444,-727104.58333334,-0.02398469,-0.13331685,30657289.57920306,1213420.28578062,0.02281704,0.01396952,0.09210625,-0.22542310,0
2020-03-20,22127751.11111111,1165000.00000000,5993310.00000000,29286061.11111111,-302194.58333333,-0.01021333,-0.14216857,33638605.10805131,2981315.52884824,0.05448498,0.07589807,0.17499500,-0.31716358,0
2020-03-23,22073517.36111111,1165000.00000000,5993310.00000000,29231827.36111111,-54233.75000000,-0.00185186,-0.14375716,35057234.06908080,1418628.96102950,0.02379373,0.03592588,0.21720774,-0.36096490,0
2020-03-24,21883002.77777778,1165000.00000000,5993310.00000000,29041312.77777778,-190514.58333333,-0.00651737,-0.14933761,33206000.76114844,-1851233.30793236,-0.03448764,-0.05189682,0.15403853,-0.30337614,1
2020-03-25,21782878.19444444,1165000.00000000,5993310.00000000,28941188.19444444,-100124.58333334,-0.00344766,-0.15227040,32606802.52286518,-599198.23828327,-0.01170133,-0.01874825,0.13240233,-0.28467273,1
2020-03-26,21732633.61111111,1206250.00000000,5993310.00000000,28932193.61111111,-8994.58333333,-0.00031079,-0.15253387,31964281.68246447,-642520.84040070,-0.01345591,-0.01780030,0.11224523,-0.26477910,1
2020-03-27,21803949.02777778,1206250.00000000,5993310.00000000,29003509.02777778,71315.41666667,0.00246492,-0.15044494,33401295.28507517,1437013.60261070,0.02537427,0.04047137,0.15725932,-0.30770425,1
2020-03-30,21559715.27777778,1253750.00000000,5993310.00000000,28806775.27777778,-196733.75000000,-0.00678310,-0.15620755,33075132.53557059,-326162.74950459,-0.00534801,-0.01397939,0.14108153,-0.29728909,1
2020-03-31,21336615.27777778,1253750.00000000,5993310.00000000,28583675.27777778,-223100.00000000,-0.00774471,-0.16274248,33195439.41529790,120306.87972732,0.00352233,-0.00278709,0.13790124,-0.30064372,0
2020-04-01,21287720.69444444,1253750.00000000,5993310.00000000,28534780.69444444,-48894.58333334,-0.00171058,-0.16417467,34374594.68480037,1179155.26950247,0.02173156,0.03073105,0.17287014,-0.33704481,0
2020-04-02,21330036.11111111,1253750.00000000,5993310.00000000,28577096.11111111,42315.41666667,0.00148294,-0.16293519,34651632.40715114,277037.72235076,0.00464470,0.00842412,0.18275054,-0.34568573,1
2020-04-03,20909841.52777778,1253750.00000000,5993310.00000000,28156901.52777778,-420194.58333333,-0.01470389,-0.17524330,34974380.99561141,322748.58846027,0.00610938,-0.00254903,0.17973567,-0.35497898,0
2020-04-06,20909097.77777778,1253750.00000000,5993310.00000000,28156157.77777778,-743.75000000,-0.00002641,-0.17526509,34194216.20001329,-780164.79559813,-0.01521995,-0.02047947,0.15557531,-0.33084040,1
2020-04-07,20989553.19444444,1253750.00000000,5993310.00000000,28236613.19444444,80455.41666666,0.00285747,-0.17290843,33719493.46869038,-474722.73132291,-0.00797485,-0.01055591,0.14337716,-0.31628559,0
2020-04-08,21104978.61111111,1253750.00000000,5993310.00000000,28352038.61111111,115425.41666667,0.00408779,-0.16952745,32819794.60552812,-899698.86316225,-0.01698727,-0.02122176,0.11911269,-0.28864014,0
2020-04-09,21193264.02777778,1253750.00000000,5993310.00000000,28440324.02777778,88285.41666667,0.00311390,-0.16694144,32032220.14377627,-787574.46175185,-0.01599449,-0.01933242,0.09747753,-0.26441898,0
2020-04-10,21193409.44444444,1253750.00000000,5993310.00000000,28440469.44444444,145.41666666,0.00000511,-0.16693719,32028782.64377627,-3437.50000000,-0.00006875,-0.00009281,0.09737568,-0.26431286,0
2020-04-13,21265714.02777778,1293500.00000000,5993310.00000000,28552524.02777778,112054.58333334,0.00393997,-0.16365494,31893197.19343548,-135585.45034079,-0.00148044,-0.00066342,0.09664766,-0.26030261,0
2020-04-14,21702959.44444444,1293500.00000000,5993310.00000000,28989769.44444444,437245.41666667,0.01531372,-0.15084739,31972471.04847834,79273.85504287,0.00161697,0.01457212,0.11262814,-0.26347553,1
2020-04-15,21910484.86111111,1339750.00000000,5993310.00000000,29243544.86111111,253775.41666667,0.00875396,-0.14341394,33259882.08595430,1287411.03747596,0.02233345,0.04285569,0.16031058,-0.30372452,1
2020-04-16,21442870.27777777,1377000.00000000,5993310.00000000,28813180.27777777,-430364.58333334,-0.01471657,-0.15601994,33625827.18693609,365945.10098178,0.00566566,-0.00171770,0.15831752,-0.31433746,0
2020-04-17,21547785.69444444,1377000.00000000,5993310.00000000,28918095.69444444,104915.41666667,0.00364123,-0.15294682,33027920.16903117,-597907.01790492,-0.00990850,-0.01316786,0.14306496,-0.29601178,0
2020-04-20,21680781.94444444,1377000.00000000,5993310.00000000,29051091.94444444,132996.25000000,0.00459907,-0.14905116,33831858.53954341,803938.37051224,0.01491908,0.02535956,0.17205258,-0.32110374,1
2020-04-21,21502137.36111112,1377000.00000000,5993310.00000000,28872447.36111112,-178644.58333333,-0.00614932,-0.15428392,34470219.43778945,638360.89824604,0.01088691,0.01213518,0.18627565,-0.34055957,0
2020-04-22,21297402.77777778,1377000.00000000,5993310.00000000,28667712.77777778,-204734.58333334,-0.00709100,-0.16028090,34031428.41663622,-438791.02115323,-0.00716658,-0.01678354,0.16636574,-0.32664664,1
2020-04-23,21255438.19444444,1377000.00000000,5993310.00000000,28625748.19444444,-41964.58333333,-0.00146383,-0.16151010,34211570.33031105,180141.91367483,0.00280235,0.00366526,0.17064078,-0.33215088,0
2020-04-24,21250798.61111111,1411375.00000000,5993310.00000000,28655483.61111111,29735.41666667,0.00103876,-0.16063911,34423210.73095204,211640.40064099,0.00387080,0.00637931,0.17810866,-0.33874777,1
2020-04-27,21189554.86111111,1411375.00000000,5993310.00000000,28594239.86111111,-61243.75000000,-0.00213724,-0.16243303,33689020.75044190,-734189.98051014,-0.01178415,-0.02088921,0.15349890,-0.31593193,1
2020-04-28,21206390.27777777,1411375.00000000,5993310.00000000,28611075.27777777,16835.41666666,0.00058877,-0.16193989,33998572.59056892,309551.84012702,0.00453829,0.00875426,0.16359693,-0.32553682,1
2020-04-29,21261995.69444444,1411375.00000000,5993310.00000000,28666680.69444444,55605.41666667,0.00194349,-0.16031113,33533126.22159488,-465446.36897404,-0.00852546,-0.01089723,0.15091695,-0.31122808,0
2020-04-30,21221626.11111112,1475750.00000000,5993310.00000000,28690686.11111112,24005.41666667,0.00083740,-0.15960797,33133102.12539962,-400024.09619527,-0.00627692,-0.01010808,0.13928339,-0.29889136,0
2020-05-01,21233071.52777778,1475750.00000000,5993310.00000000,28702131.52777778,11445.41666666,0.00039892,-0.15927272,33651042.46526401,517940.33986439,0.00916099,0.01437619,0.15566194,-0.31493466,1
2020-05-04,21153277.77777778,1475750.00000000,5993310.00000000,28622337.77777778,-79793.75000000,-0.00278006,-0.16161000,33579815.73119190,-71226.73407211,-0.00074007,-0.00404304,0.15098955,-0.31259955,1
2020-05-05,21223393.19444444,1475750.00000000,5993310.00000000,28692453.19444444,70115.41666667,0.00244967,-0.15955621,33311994.23369694,-267821.49749496,-0.00444444,-0.00531437,0.14487276,-0.30442898,0
2020-05-06,21347108.61111111,1475750.00000000,5993310.00000000,28816168.61111111,123715.41666667,0.00431178,-0.15593241,33006845.29886735,-305148.93482958,-0.00387023,-0.00490302,0.13925943,-0.29519184,0
2020-05-07,21304234.02777777,1475750.00000000,5993310.00000000,28773294.02777777,-42874.58333334,-0.00148787,-0.15718827,33206199.23433781,199353.93547045,0.00184753,0.00424950,0.14410071,-0.30128898,0
2020-05-08,21401279.44444444,1475750.00000000,5993310.00000000,28870339.44444444,97045.41666667,0.00337276,-0.15434567,32681647.63246638,-524551.60187143,-0.00868962,-0.01156063,0.13087419,-0.28521985,0
2020-05-11,21533435.69444444,1475750.00000000,5993310.00000000,29002495.69444444,132156.25000000,0.00457758,-0.15047462,32486930.55577912,-194717.07668726,-0.00287754,-0.00171156,0.12893863,-0.27941325,0
2020-05-12,21598961.11111112,1475750.00000000,5993310.00000000,29068021.11111112,65525.41666667,0.00225930,-0.14855528,32841336.15499391,354405.59921479,0.00580158,0.01150829,0.14193079,-0.29048607,1
2020-05-13,21643946.52777778,1475750.00000000,5993310.00000000,29113006.52777778,44985.41666666,0.00154759,-0.14723759,33348762.51120902,507426.35621511,0.00922668,0.01496671,0.15902174,-0.30625933,1
2020-05-14,21589436.94444444,1512625.00000000,5993310.00000000,29095371.94444444,-17634.58333333,-0.00060573,-0.14775414,33663994.35315777,315231.84194875,0.00497182,0.00794403,0.16822904,-0.31598317,0
2020-05-15,21703572.36111111,1512625.00000000,5993310.00000000,29209507.36111111,114135.41666667,0.00392280,-0.14441094,33661040.20682572,-2954.14633205,0.00030731,0.00294447,0.17166885,-0.31607979,1
2020-05-18,21767168.61111112,1512625.00000000,5993310.00000000,29273103.61111112,63596.25000000,0.00217724,-0.14254812,32525922.26668283,-1135117.94014289,-0.01961229,-0.02829433,0.13851727,-0.28106538,0
2020-05-19,22043554.02777778,1512625.00000000,5993310.00000000,29549489.02777778,276385.41666666,0.00944162,-0.13445239,32690834.93968345,164912.67300061,0.00282433,0.01199211,0.15217050,-0.28662288,1
2020-05-20,22190994.44444444,1542000.00000000,5993310.00000000,29726304.44444444,176815.41666667,0.00598370,-0.12927320,32428875.86563193,-261959.07405152,-0.00562553,-0.00228633,0.14953625,-0.27880946,0
2020-05-21,22096569.86111112,1542000.00000000,5993310.00000000,29631879.86111112,-94424.58333333,-0.00317647,-0.13203904,32566872.59952691,137996.73389498,0.00243298,0.00117271,0.15088432,-0.28292336,0
2020-05-22,22082715.27777778,1542000.00000000,5993310.00000000,29618025.27777778,-13854.58333334,-0.00046756,-0.13244486,32825500.24492688,258627.64539997,0.00437552,0.00658014,0.15845731,-0.29090216,0
2020-05-25,22095591.52777777,1542000.00000000,5993310.00000000,29630901.52777777,12876.25000000,0.00043474,-0.13206769,32815500.24492688,-10000.00000000,-0.00020000,0.00007682,0.15854629,-0.29061399,0
2020-05-26,22112986.94444444,1542000.00000000,5993310.00000000,29648296.94444444,17395.41666667,0.00058707,-0.13155816,31963429.28010569,-852070.96482119,-0.01521377,-0.02228987,0.13272244,-0.26428060,0
2020-05-27,22095332.36111111,1542000.00000000,5993310.00000000,29630642.36111111,-17654.58333333,-0.00059547,-0.13207529,31700539.71535688,-262889.56474880,-0.00502310,-0.00766269,0.12404275,-0.25611803,1
2020-05-28,22077777.77777778,1542000.00000000,5993310.00000000,29613087.77777778,-17554.58333334,-0.00059245,-0.13258948,31519454.12026222,-181085.59509466,-0.00315578,-0.00546748,0.11789706,-0.25048655,1
2020-05-29,22133893.19444444,1542000.00000000,5993310.00000000,29669203.19444444,56115.41666667,0.00189495,-0.13094578,31605036.33216108,85582.21189885,0.00082393,0.00392161,0.12228101,-0.25322680,1
2020-06-01,22148234.02777778,1542000.00000000,5993310.00000000,29683544.02777778,14340.83333333,0.00048336,-0.13052572,31136640.99646231,-468395.33569877,-0.00850226,-0.01251727,0.10823312,-0.23875884,0
2020-06-02,22105079.44444444,1579500.00000000,5993310.00000000,29677889.44444444,-5654.58333333,-0.00019050,-0.13069135,30693844.20405007,-442796.79241224,-0.00840318,-0.01251952,0.09435858,-0.22504993,1
2020-06-03,22482434.86111111,1579500.00000000,5993310.00000000,30055244.86111111,377355.41666667,0.01271504,-0.11963806,30058478.21017706,-635365.99387301,-0.01108161,-0.00729426,0.08637604,-0.20601410,0
2020-06-04,22701690.27777777,1611750.00000000,5993310.00000000,30306750.27777777,251505.41666666,0.00836810,-0.11227110,29621219.88112744,-437258.32904961,-0.00709471,-0.00529004,0.08062907,-0.19290017,0
2020-06-05,22917585.69444444,1660500.00000000,5993310.00000000,30571395.69444444,264645.41666667,0.00873223,-0.10451925,28889911.52698899,-731308.35413845,-0.01387755,-0.01336072,0.06619109,-0.17071033,0
2020-06-08,23296241.94444444,1660500.00000000,5993310.00000000,30950051.94444444,378656.25000000,0.01238597,-0.09342786,29104809.03619608,214897.50920708,0.00391060,0.01722377,0.08455492,-0.17798277,1
2020-06-09,23362597.36111111,1660500.00000000,5993310.00000000,31016407.36111111,66355.41666667,0.00214395,-0.09148421,29846004.83129726,741195.79510118,0.01365285,0.02303678,0.10953958,-0.20102378,1
2020-06-10,24341442.77777778,1660500.00000000,4993310.00000000,30995252.77777778,-21154.58333334,-0.00068204,-0.09210386,30178369.08308179,332364.25178453,0.00501712,0.00867788,0.11916803,-0.21127188,0
2020-06-11,24257618.19444444,1660500.00000000,4993310.00000000,30911428.19444444,-83824.58333333,-0.00270443,-0.09455920,31311185.68283872,1132816.59975693,0.02040731,0.02899881,0.15162257,-0.24618177,0
2020-06-12,24165223.61111111,1660500.00000000,4993310.00000000,30819033.61111111,-92394.58333333,-0.00298901,-0.09726557,30815763.21445493,-495422.46838379,-0.00864849,-0.01579193,0.13343622,-0.23070179,1
2020-06-15,24143609.86111111,1697250.00000000,4993310.00000000,30834169.86111111,15136.25000000,0.00049113,-0.09682221,30558457.15108104,-257306.06337389,-0.00521518,-0.00661038,0.12594378,-0.22276599,0
2020-06-16,24322239.44444444,1697250.00000000,4993310.00000000,31012799.44444444,178629.58333333,0.00579323,-0.09158989,30099414.88659849,-459042.26448255,-0.00726484,-0.00770521,0.11726815,-0.20885804,0
2020-06-17,24411889.02777778,1697250.00000000,4993310.00000000,31102449.02777778,89649.58333333,0.00289073,-0.08896392,30302885.20982495,203470.32322646,0.00359320,0.00811692,0.12633693,-0.21530085,1
2020-06-18,25451308.61111111,1697250.00000000,3993310.00000000,31141868.61111111,39419.58333334,0.00126741,-0.08780927,30739399.33402525,436514.12420029,0.00748184,0.01307319,0.14106174,-0.22887100,1
2020-06-19,25511138.19444444,1697250.00000000,3993310.00000000,31201698.19444444,59829.58333333,0.00192119,-0.08605677,30958696.09552549,219296.76150024,0.00428621,0.00756824,0.14969757,-0.23575434,1
2020-06-22,25690776.94444444,1697250.00000000,3993310.00000000,31381336.94444444,179638.75000000,0.00575734,-0.08079489,31237828.75796255,279132.66243707,0.00556723,0.01234571,0.16389140,-0.24468629,1
2020-06-23,26772686.52777778,1697250.00000000,2993310.00000000,31463246.52777778,81909.58333334,0.00261014,-0.07839564,30966502.28728561,-271326.47067694,-0.00457199,-0.00503512,0.15803107,-0.23642671,0
2020-06-24,26796146.11111111,1697250.00000000,2993310.00000000,31486706.11111111,23459.58333334,0.00074562,-0.07770847,31526855.59627337,560353.30898776,0.00991186,0.01559756,0.17609353,-0.25380201,1
2020-06-25,26802595.69444444,1697250.00000000,2993310.00000000,31493155.69444444,6449.58333333,0.00020484,-0.07751955,31473913.39953576,-52942.19673761,-0.00142614,-0.00122305,0.17465511,-0.25217466,0
2020-06-26,26733935.27777778,1727250.00000000,2993310.00000000,31454495.27777778,-38660.41666667,-0.00122758,-0.07865197,32046206.98207171,572293.58253594,0.01006267,0.01405516,0.19116507,-0.26981705,0
2020-06-29,26446680.41666667,1759000.00000000,2993310.00000000,31198990.41666667,-255504.86111110,-0.00812300,-0.08613608,32024926.66491812,-21280.31715359,0.00000223,-0.00718909,0.18260168,-0.26873776,0
2020-06-30,26375326.66666666,1801500.00000000,2993310.00000000,31170136.66666666,-28853.75000001,-0.00092483,-0.08698125,31677120.53006324,-347806.13485488,-0.00630556,-0.00985404,0.17094827,-0.25792953,1
2020-07-01,26407122.91666666,1801500.00000000,2993310.00000000,31201932.91666666,31796.25000000,0.00102009,-0.08604989,31558135.81229635,-118984.71776690,-0.00212553,-0.00230369,0.16825077,-0.25430066,0
2020-07-02,26516449.16666666,1835750.00000000,2993310.00000000,31345509.16666666,143576.25000000,0.00460152,-0.08184434,31529555.54418478,-28580.26811157,-0.00070648,0.00304544,0.17180861,-0.25365294,0
2020-07-03,26531075.69444445,1835750.00000000,2993310.00000000,31360135.69444445,14626.52777778,0.00046662,-0.08141590,31526326.37751811,-3229.16666667,-0.00006458,0.00030092,0.17216123,-0.25357713,0
2020-07-06,26678905.27777778,1835750.00000000,2993310.00000000,31507965.27777778,147829.58333334,0.00471393,-0.07708576,31217388.44453700,-308937.93298111,-0.00564502,-0.00425240,0.16717673,-0.24426249,0
2020-07-07,27749111.80555555,1835750.00000000,2000000.00000000,31584861.80555555,76896.52777777,0.00244054,-0.07483335,31879105.60220970,661717.15767269,0.01143898,0.01957871,0.19002854,-0.26486189,1
2020-07-08,27734808.33333334,1835750.00000000,2000000.00000000,31570558.33333334,-14303.47222222,-0.00045286,-0.07525232,31465219.61487082,-413885.98733888,-0.00773221,-0.01113222,0.17678088,-0.25203320,1
2020-07-09,28768574.86111111,1868250.00000000,1000000.00000000,31636824.86111111,66266.52777778,0.00209900,-0.07331128,32196912.90841442,731693.29354360,0.01250009,0.02097919,0.20146879,-0.27478006,1
2020-07-10,28694261.94444444,1868250.00000000,1000000.00000000,31562511.94444444,-74312.91666667,-0.00234894,-0.07548801,31982303.66021156,-214609.24820287,-0.00356804,-0.00743998,0.19252989,-0.26801790,1
2020-07-13,28666923.19444444,1868250.00000000,1000000.00000000,31535173.19444444,-27338.75000000,-0.00086618,-0.07628880,32148330.65297320,166026.99276164,0.00285470,0.00359810,0.19682073,-0.27310953,0
2020-07-14,29626010.27777778,1868250.00000000,0.00000000,31494260.27777778,-40912.91666666,-0.00129737,-0.07748720,32173460.61674545,25129.96377225,0.00029695,-0.00040800,0.19633243,-0.27381963,0
2020-07-15,29566477.36111112,1944500.00000000,0.00000000,31510977.36111112,16717.08333334,0.00053080,-0.07699753,31743151.43918712,-430309.17755833,-0.00793450,-0.01069606,0.18353639,-0.26053392,0
2020-07-16,29559231.11111111,1944500.00000000,0.00000000,31503731.11111111,-7246.25000000,-0.00022996,-0.07720979,31950068.94465140,206917.50546428,0.00346917,0.00521960,0.18971398,-0.26692376,0
2020-07-17,29602954.86111111,1944500.00000000,0.00000000,31547454.86111111,43723.75000000,0.00138789,-0.07592905,31772469.56963526,-177599.37501614,-0.00325056,-0.00348147,0.18557203,-0.26150108,0
2020-07-20,29739996.11111111,1980750.00000000,0.00000000,31720746.11111111,173291.25000000,0.00549303,-0.07085310,31754258.09862927,-18211.47100599,-0.00071481,0.00404698,0.19037001,-0.26122311,0
2020-07-21,29822551.25000000,1980750.00000000,0.00000000,31803301.25000000,82555.13888889,0.00260256,-0.06843494,31720932.09863388,-33325.99999539,-0.00075275,0.00127951,0.19189310,-0.26032804,0
2020-07-22,29825601.38888889,2049375.00000000,0.00000000,31874976.38888889,71675.13888888,0.00225370,-0.06633547,31768977.46639322,48045.36775934,0.00052878,0.00310767,0.19559710,-0.26193257,1
2020-07-23,29811326.52777778,2099125.00000000,0.00000000,31910451.52777778,35475.13888889,0.00111295,-0.06529635,32215568.73819500,446591.27180179,0.00722063,0.01247456,0.21051165,-0.27580801,1
2020-07-24,29870401.66666667,2125875.00000000,0.00000000,31996276.66666667,85825.13888889,0.00268956,-0.06278241,32219209.16028905,3640.42209405,0.00008185,0.00228660,0.21327961,-0.27606202,1
2020-07-27,30060107.08333334,2125875.00000000,0.00000000,32185982.08333334,189705.41666666,0.00592898,-0.05722566,31978643.02440431,-240566.13588475,-0.00423970,-0.00129695,0.21170604,-0.26893170,0
2020-07-28,30132562.22222222,2125875.00000000,0.00000000,32258437.22222222,72455.13888888,0.00225114,-0.05510334,32241801.87407514,263158.84967083,0.00421446,0.00856931,0.22208953,-0.27719287,1
2020-07-29,30170507.36111111,2125875.00000000,0.00000000,32296382.36111111,37945.13888889,0.00117629,-0.05399187,31996702.86863391,-245099.00544122,-0.00463614,-0.00524437,0.21568044,-0.26967232,0
2020-07-30,30165682.50000000,2159625.00000000,0.00000000,32325307.50000000,28925.13888889,0.00089562,-0.05314461,32179666.50996911,182963.64133519,0.00263823,0.00539252,0.22223602,-0.27538064,1
2020-07-31,30208382.50000000,2159625.00000000,0.00000000,32368007.50000000,42700.00000000,0.00132095,-0.05189387,32152721.26539188,-26945.24457723,-0.00043655,0.00039880,0.22272346,-0.27461733,0
